Card,strain/medium,Description,visual concept,Symbolism,Notes
,,,,, 
one of wands,Narnia,"Narnia, a strain produced by Soulshine Cannabis and developed by Advanced Growing Technologies, is the stimulating sativa-dominant cross of Jack Herer and Trainwreck. It has an incredibly fast onset, imbuing consumers with an amplified sense of their imaginations while promoting upbeat physical activity. This long-lasting strain has massive trichome production and a terpene profile rich with citrus tang, spice, and a touch of sweetness. Enjoy Narnia to enhance mood, encourage creativity, and nullify lethargy. ","An alien explorer stands at the edge of a vibrant, otherworldly forest, holding a wand emitting a bright, citrusy glow. The landscape around mirrors the imaginative vibe of the Narnia strain, with fantastical creatures and surreal, dream-like plant life.","This card symbolizes the beginning of a creative and energetic journey, much like the uplifting and imagination-enhancing effects of the Narnia strain. It suggests embarking on new ventures with enthusiasm and vigor.", 
two of wands,Biker-Leblanc,"A sativa-dominant hybrid rarely found nowadays, Biker Le’Blanc is a dense and resinous strain that combines Raskal’s The White with Hell’s Angel OG (Biker Kush cut). Leading with a skunky, earthy aroma typical of OG varieties, Biker Le’Blanc offers heavily relaxing effects that weigh the body down without causing too much cloudiness in the head. Its THC content is known to stretch to 23%, so proceed with caution if you’re sensitive to cannabis’ psychoactive effects.","An alien figure on a bike sits between two large wands crossed at the top, one emitting an earthy aura and the other a skunky mist. The backdrop is a distant view of a serene yet powerful landscape, suggesting contemplation and planning.","This card represents the decision-making phase in adventures or business ventures, influenced by Biker Le’Blanc’s calming yet mentally clear effects. It highlights foresight and the weighing of options for strategic planning.", 
three of wands,Pine-Queen-Dream,"Pine Queen Dream by Piranha Seeds is a deep cannabis cut combining esoteric genetics with familiar favorites. Created from Pine Queen Haze (a cross of Pursuang Haze and Pine Queen) and Blue Dream, this sativa-dominant hybrid offers consumers a potent cerebral high alongside a rich pine aroma. The flavor is also woodsy and herbal, with notes of spice from the strain’s latent Haze genetics. Its uplifting mental effects can help improve mood and nullify stress while the physical effects remain potent and persistent with continued consumption. This strain was produced for and is grown by Green Acres Pharm.  ","An alien at a high vantage point looks out over a bustling spaceport, holding a wand infused with a green, pine-scented haze. Ships come and go, symbolizing opportunities and trade.","Reflecting the uplifting and stress-nullifying effects of Pine Queen Dream, this card signifies expansion, exploration, and the realization of long-term goals. It suggests progress and forward movement on a successful path.", 
four of wands,Golden-Tiger,"Golden Tiger is a resinous flower created from two Thai strains and two separate Malawi cuts. Bred by Ace Seeds, this pure sativa flower is a complex blend of Koh Chang Thai and Hmong Thai crossed with Malawi and 3rd Generation Malawi. This powerful sativa is not for beginners, as it offers long-lasting stimulating effects often with a potent psychedelic bent. With a terpene profile that is bright with notes of floral spice and tart lemon, its vigorous physical and mental effects make this a sativa of the highest caliber. This strain’s long sativa lineage comes with a long 11 to 14 week flowering time.","Four wands form a canopy frame under which a celebration takes place. The scene is vibrant, with aliens of various species enjoying the energetic and slightly psychedelic effects, illustrated by colorful, swirling lights and floral decorations.","This card celebrates harmony and community, akin to the communal and celebratory effects of Golden Tiger. It embodies joy, satisfaction, and the successful completion of a communal project or personal milestone.", 
five of wands,Devil-Fruit,Devil Fruit is a 70% indica strain bred by Medical Seed Co. through crossing Shiskaberry and Great White Shark. This high-CBD Spanish strain is sweet and spicy in flavor and delivers a light cerebral stimulation followed by comfortable full-body effects. Outdoor Devil Fruit plants finish in the first half of October while indoor gardens flower in about 65 days.,"Five aliens engage in a spirited but friendly competition, each wielding a wand that emits a spicy, sweet mist. The scene is chaotic but playful, set in an arena-like environment that encourages testing one’s skills against others.","The Five of Wands represents challenges and minor conflicts, mirroring the light cerebral stimulation followed by relaxing effects of the Devil Fruit strain. It suggests facing challenges, personal struggles for improvement, or competition in a constructive manner.", 
six of wands,Emerald-Jack,"Two highly touted strains harmonize to form the flavorful, sativa-driven hybrid Emerald Jack. Jack Herer, with its amazing spectrum of earthy flavors and heady effects, combines with the pungent sour aromas of Emerald OG to give life to Emerald Jack’s unique terpene profile. Its aroma is a vivid mix of earthy and pine zest that excites the senses and forms flavors of skunky citrus upon exhale. The resulting effects are uplifting, energetic, and are known to inspire creativity. Many chose Emerald Jack for daytime use and its ability to maintain productivity and a clear head.","An alien figure rides triumphantly on a futuristic vehicle, holding a wand that emits a vivid, green, earthy-pine zest. Spectators from various alien species cheer, celebrating the figure's victory and achievements.","This card symbolizes success and public recognition, mirroring the uplifting and energetic effects of the Emerald Jack strain. It represents achieving goals with clarity and productivity, celebrated by peers.", 
seven of wands,Sweet-Nina,"Sweet Nina by Colorado Seed Inc. is a hybrid cross of Hindu Kush and Nina Limone. Nina Limone (another CO Seed Inc. cut) offers a bright citrus flavor and aroma while imbuing the consumer with a keen mental alertness. This mental energy finds a counterbalance in Hindu Kush, which offers soothing body effects that mellow the consumer into a state of physical relaxation. Sweet Nina is ideal for patients seeking relief from nausea, physical discomfort, and stress.  ","An alien stands on a rugged terrain, defending against challengers with a wand that glows with a bright citrus light. The stance is one of readiness and resilience, embodying a calm yet alert demeanor.","Representing protection of one's achievements and standing one’s ground, this card is influenced by Sweet Nina’s balance of mental alertness and physical relaxation. It suggests overcoming challenges through perseverance and preparedness.", 
eight of wands,Jahwaiian,"Jahwaiian by Pua Mana 1st Hawaiian Pakalōlō Seed Bank is a tropical mashup of two legendary strains. By combining Lamb’s Bread genetics sourced directly from Nine Mile, St. Anne’s, Jamaica, and the “Sweet Lady of Waiāhole” (AKA Hawai’i ‘78), Pua Mana crafted an uplifting strain that harnesses the tropical vibes and aromas distinct to the Hawaiian and Caribbean coastlines. Jahwaiian’s effects are stimulating, delivering plenty of energy to the body. Also anticipate a manageable headiness that encourages self-reflection. This strain may help curb depression and fatigue while encouraging physical activity.","Eight glowing wands fly through the air in a dynamic, upward trajectory over a lush, tropical landscape. This scene is vibrant, filled with energy and a sense of rapid movement, capturing the stimulating essence of the Jahwaiian strain.","This card typically signifies swift action and quick developments. Inspired by Jahwaiian’s energetic and uplifting effects, it suggests rapid progress and the swift unfolding of events, encouraging physical and mental activity.", 
nine of wands,Elmers-Glue,"Elmer’s Glue by Relentless Genetics is an embellishment of the potent and famous Gorilla Glue #4. This strain is a cross of Gorilla Glue #4 and The White, and it is considered by some to be an improvement on GG4’s flavor and trichome production. Elmer’s Glue retains the sharp pine, astringent, and fuel aromas of its dominant parent while expressing more subtle sweet, earthy notes on the exhale. Beyond this strain’s incredible trichome coverage, the height, yield, and flowering time are relatively average. ","An alien, looking wary but unyielding, stands behind a barricade made of nine wands, each covered in sparkling trichomes resembling the resinous nature of Elmer’s Glue. The atmosphere is tense yet expectant.","This card denotes resilience, persistence, and preparedness for any upcoming challenges, paralleling the potent and enduring effects of Elmer’s Glue. It signifies standing firm despite fatigue, ready to face the final challenge.",lets be careful not to turn this into a cum card
ten of wands,Starbud,"StarBud is the signature indica of the HortiLab seedline. After taking the Indica Cup at the High Times Cannabis Cup in 2009, StarBud developed a reputation for its thick coating of trichomes that sparkles like stars. This potent indica originated from a mystery clone out of the Midwest United States. StarBud is appreciated for its relaxing body effects and its ability to cradle consumers to sleep.","An alien struggles under the weight of ten brilliantly glowing wands, each heavy with sparkling trichomes that reflect the intense, star-like trichome coverage of Starbud. The burden is significant, yet the destination is visible in the near distance.","An alien struggles under the weight of ten brilliantly glowing wands, each heavy with sparkling trichomes that reflect the intense, star-like trichome coverage of Starbud. The burden is significant, yet the destination is visible in the near distance.", 
,,,,, 
one of cups,Secret-Garden-Og,"Secret Garden OG is a Colorado Seed Inc. masterpiece. This OG strain is incredibly relaxing and dedicated to Kush fans everywhere. The blend of Lavender parentage against a Ghost OG Moonshine x Rug Burn OG foretells the weight this strain applies to muscles throughout the body. With a unique aroma that leans toward the therapeutic, Secret Garden OG offers a cozy sense of well-being that extends to mood elevation and pain relief.    ","An alien enjoying tranquility in a lush, secluded garden, sipping from a cup infused with vibrant, aromatic flowers. The garden is an oasis of peace, filled with exotic plants and a gentle, serene ambiance.","The One of Cups symbolizes emotional fulfillment and the beginning of a joyful experience, akin to the initial soothing effects of Secret Garden OG. This card suggests new beginnings of happiness, emotional well-being, and the introspective joy of solitude.", 
two of cups,Royal-Dwarf,"Royal Dwarf is a full-body hybrid bred by Royal Queen Seeds in Spain through crossing Skunk with a cannabis ruderalis variety. The result is a stout plant that autoflowers in a short 6 to 7 weeks with dark, crystal-sugared buds. Its effects quickly branch throughout the body, inducing head-to-toe relaxation that’s more physical than cerebral.","Two aliens, each representing the diverse parent strains of Royal Dwarf, share a heartfelt toast under a starlit sky. Their cups brim with a sparkling, crystalline liquid, symbolizing the merging of their unique qualities.","This card denotes partnership and unity, mirroring Royal Dwarf's harmonious blend of Skunk and cannabis ruderalis. It highlights the potential for deep connections and mutual understanding, reflecting the strain’s physically relaxing yet balanced effects.", 
three of cups,Kandahar,"Kandahar, named after the homeland of its ancestor, is a 90% indica strain bred by the Ministry of Cannabis. Its Afghani parent, grown near the city of Kandahar, was crossed with an unknown Afghan Skunk hybrid to help lighten some of the indica intensity. The result is a powerful but functional strain that goes best with relaxing activities at home. Its aroma is a complex blend of earthy wood with nutty undertones that are only fully realized in Kandahar’s taste. Kandahar exhibits the typical indica stature: short, bushy plants with thick layers of crystal trichomes. Indoor gardens finish flowering between 8 and 9 weeks, while outdoor harvest falls at the beginning of October."" with ""Royal Dwarf is a full-body hybrid bred by Royal Queen Seeds in Spain through crossing Skunk with a cannabis ruderalis variety. The result is a stout plant that autoflowers in a short 6 to 7 weeks with dark, crystal-sugared buds. Its effects quickly branch throughout the body, inducing head-to-toe relaxation that’s more physical than cerebral.","A trio of aliens, relaxed and jovial, gather in a cozy, dimly lit room, celebrating with cups filled with earthy, nutty brews. The setting is intimate and warm, inviting a sense of shared comfort and leisure.","Representing community and friendship, this card aligns with Kandahar's inviting, homely effects. It encourages enjoyment of life's pleasures with friends, symbolizing moments of relaxation and social warmth.", 
four of cups,Caramel-Kona-Coffee-Kush,"Caramel Kona Coffee Kush is a flavorful, alliterative cross by Pua Mana 1st Hawaiian Pakalōlō Seed Bank. This sweet wahine is luscious on the palate and heavy on the body, draping the limbs in cushy, weighted relaxation. CKC Kush’s Caramel Kush mother gives this strain its predominant flavor and physical effects, but the strain’s Kona Gold father shines through in latent spicy undertones and heady mental buzz. Noted as one of the most delicious strains in the Pua Mana archives, Caramel Kona Coffee Kush is a perfect strain to shrug off stress and treat yourself at the end of the day.  ","An alien sits apart from a festive scene, contemplative and slightly aloof, with a cup that emits a caramel-coffee aroma. The scene around is lively, but the focus is on the alien's introspective mood, hinting at a desire for deeper fulfillment.","This card often indicates apathy or reevaluation of one's emotional or situational outlook, analogous to the introspective and soothing effects of Caramel Kona Coffee Kush. It suggests a moment of self-reflection or potential missed emotional opportunities.", 
five of cups,Casper-Og,"Casper OG is an indica-dominant strain with a unique history. By combining ThaDocta’s Face Off OG and ORGNKID’s Ghost OG, Casper OG (the friendliest OG you know) was brought into being from the great beyond. Known for its squat plants and nine week grow cycle, Casper OG is an ideal indoor grow. This plant delivers traditional indica effects that mellow the mind and body in small doses, but anchors the consumer to the couch with continued use. The terpene profile is rich with OG notes, including earth and delicate citrus. Enjoy Casper OG in the evening to maximize its stress-free relaxation and gradual sedation","An alien mourns the spilling of three cups, unaware of the two still full behind them. The background is moody and dim, reflecting a sense of loss and regret, but also hinting at unseen opportunities.","Mirroring the deep, contemplative effects of Casper OG, this card illustrates disappointment and loss, but also points towards unrecognized potential. It encourages the viewer to turn around and notice the still-available cups, symbolizing hope amidst sorrow.", 
six of cups,Grandmas-Batch,"Grandma’s Batch by Purple Caper Seeds is a cross between Candyland and Girl Scout Cookies. This savory strain emits a sweet gas aroma while tasting sweet and doughy on the palate. The breeder has described the strain as “warm and fuzzy,” offering pleasant and relaxing physical effects suited to a day indoors. ","An alien child and an elder alien are together in a warm, well-lit kitchen, deeply engaged in the delightful process of making cookies. The elder alien is teaching the young one how to shape the dough, which emits a sweet, gas-like aroma reminiscent of Grandma's Batch. The kitchen is filled with elements of a cherished, cozy home, with vintage utensils and family photos on the walls.","This card symbolizes revisiting the joys of childhood and the comfort of familiar, loving environments. This scene of cookie-making with a grandmother figure perfectly captures the essence of nostalgic warmth and the ""warm and fuzzy"" effects described for Grandma's Batch. It encourages a return to simpler, happier times and the rekindling of old connections through shared, heartwarming activities.", 
seven of cups,Island-Haze,"Island Haze is an uplifting sativa with euphoria and creativity on tap. This strain is a cross of Cannalope Haze and Blue Jam (Atomic Haze x Blueberry), giving this strain a double dose of fruity terpenes and Haze genetics. Known for its happy mental state and whimsical creativity, this strain’s effects can assist with depression and fatigue. The bright fruit-forward aroma also makes this strain a crowd pleaser and welcome addition to sunny days outdoors.","An alien stands before seven cups, each overflowing with different aspects of a tropical paradise—sandy beaches, lush jungles, and bright fruits. The scene is vibrant and slightly surreal, emphasizing choice and imagination.","This card typically reflects choices and fantasies, mirroring Island Haze's ability to spark creativity and euphoria. It suggests exploring your options and dreams, particularly those that lead to happiness and artistic expression.", 
eight of cups,Ultra-Banana,"Ultra Banana is a delicious, sleep-inducing cross of MK Ultra and Banana Kush. MK Ultra possesses strong indica-dominant genetics, including OG Kush and G13, which are amplified by the sweet and floral elements of Banana Kush. This sedating combination lays into the body, weighing the consumer down with potent relaxation ideal for late evenings. Enjoy Ultra Banana to help relieve restlessness, anxiety, and general pain while stimulating introspective thought.    ","An alien walks away under a moonlit sky from eight cups, each emitting a soft, banana-scented glow. The path leads towards new, unknown ventures, highlighting a journey of deep introspection and self-discovery.","Representing abandonment and the search for deeper meaning, this card ties into Ultra Banana's introspective and sedative effects. It suggests leaving behind the known to seek higher truths, often when current pleasures no longer suffice.", 
nine of cups,Thunderbird-Rose,"Thunderbird Rose is a sativa strain bred by Kotton for Rebel Spirit Cannabis of Eugene, Oregon. This strain produces large lime green buds that express engorged trichome-covered calyxes and crimson pistils. Thunderbird Rose is a generous producer that has a healthy resistance to mold and pests. The aroma is floral with notes of deep green forest, fuel, and blueberry. Thunderbird Rose is an uplifting and euphoric cross that arouses creativity and enhances mood. ","An alien sits contentedly at a table, a cup filled with a vibrant, floral brew in front of them. The surrounding environment is lush, with flashes of lime green and crimson, reflecting a state of complete satisfaction and joy.","Known as the ""wish card,"" the Nine of Cups signifies contentment and getting what you desire, akin to Thunderbird Rose's mood-enhancing and creative effects. It suggests a time of happiness and fulfillment, where wishes are realized and enjoyed.", 
ten of cups,Sweet-Harlem-Diesel,"Sweet Harlem Diesel by Sumo Seeds is a fascinating cross of European and American genetics. This strain was created by first crossing Old Afghani with Honey Rock (Super Widow x Swazi Poison). The Sweet Afghani cut was then crossed with a US cut of the famous Sour Diesel. The resulting union yields a unique hybrid with a citrus-diesel aroma and uplifting mental effects that keep the consumer alert while the subtle body effects settle into the limbs. Sweet Harlem Diesel won 3rd prize for Indoor at the 2017 Balearic Cup. Its breeder recommends utilizing this strain to help relieve stress, depression, and minor physical discomfort.    ","A family of aliens gather joyfully under a rainbow, each holding cups steaming with a citrus-diesel aroma. The scene is harmonious, depicting a perfect state of bliss and familial unity in a picturesque outdoor setting.","This card symbolizes complete emotional fulfillment and familial harmony, reflecting the uplifting and stress-relieving effects of Sweet Harlem Diesel. It portrays an ideal state of joy, peace, and contentment within relationships and home life.", 
,,,,, 
one of swords,Goldberry,"The Goldberry strain is a result of crossing the very popular indica Pot of Gold with Blueberry. Goldberry produces big, fluffy buds that are covered in crystals and often have deep orangey-red hairs. The flowers smell like fresh fruit—lemons and berries, to be specific—while the taste is reminiscent of blueberry lemonade with a slight skunky aftertaste. This hybrid is described as optimal for pain relief and relaxation due to its indica qualities.","An alien stands confidently holding a single sword, its blade gleaming with a golden hue against a backdrop of lush blueberry bushes and lemon trees. The sword's hilt is adorned with orange-red gems resembling the fiery hairs on the buds of the Goldberry strain.","The One of Swords represents clarity, truth, and new beginnings, much like the refreshing and pain-relieving qualities of Goldberry. This card suggests cutting through confusion to achieve insight, mirroring the strain's ability to bring relief and focus.", 
two of swords,Purple-Tears,"Purple Tears by Dirt Farmer Genetics is a pleasant twist on an old favorite. It’s the product of breeding Querkle and DelaHaze, creating a strain with the aroma of musty grape and hash, and effects that are distinctly sedating. Purple Tears usually bends toward the Purple Urkle phenotype, but has been known to pop a DelaHaze plant from time to time with sativa-dominant qualities. The leaves and calyxes take on a deep purple hue while the plant matures, giving Purple Tears a solid visual presentation to go along with its potent purple effects.","An alien is blindfolded, sitting in serene balance while holding two swords crossed at their chest. Behind them, the scenery transitions between a grape vineyard and a hashish farm, reflecting the dual nature of the Purple Tears strain.","The Two of Swords symbolizes decision, balance, and the need for calm deliberation. It captures the sedative effects of Purple Tears and the strain's balance between its indica and occasional sativa expressions, encouraging a careful choice or truce.", 
three of swords,Alien-Rift,"Alien Rift by Ocean Grown Seeds is the thoroughly enhanced phenotype of Alien Abduction specifically backcrossed for better hash production. With a tart scent of lemon and spice and buds dense with trichomes, Alien Rift is certain to please the senses. This strain is the product of crossing Alien Abduction, Alien Dawg ('Ether' cut), and Alien OG. With that much extraterrestrial activity, you know this indica is out of this world! Use Alien Rift’s laidback effects to curb stress and moderate physical pain.","An alien heart pierced by three swords against a cosmic background, with stars and nebulae shaped subtly like the buds and trichomes of Alien Rift. The celestial setting hints at the strain's ""extraterrestrial"" lineage.","Traditionally, the Three of Swords represents heartache and emotional pain, but in this context, it also conveys overcoming such strife through the calming effects of Alien Rift. This card suggests healing and managing stress or physical pain.",could also split the heart a bit- causing a rift and underlining the idea of pain :p
four of swords,Violet-Delight,"Violet Delight is an indica-dominant strain that delivers exactly what its name promises: a loud burst of floral flavor that can only be compared to the aroma of a violet. Glance at this hybrid’s terpene profile and you’ll notice high levels of linalool, a flowery-smelling terpene that promotes relaxation and stress-relief. While driven by indica genetics, Violet Delight isn’t overwhelmingly sedating for most consumers. Instead, you’ll likely find yourself in a clear, focused headspace conducive for meditation or introverted activities. For the extroverts, this hybrid offers a giggly, lighthearted mood that keeps you active and engaged in social settings.","An alien lies in peaceful meditation in a field of violet flowers, with four swords resting against the ground around them, signifying a period of rest and recovery. The floral setting echoes the strain's potent floral aroma.","The Four of Swords represents rest, contemplation, and recovery, aligning with Violet Delight's stress-relieving and introspective effects. This card invites quiet reflection and mental recuperation, offering a break from life's turmoil.", 
five of swords,Kelly-Hill-Gold,"Cultivated by Joseph Arthur Botanicals in Colorado, Kelly Hill Gold is a 70/30 indica-dominant strain that crosses Acapulco Gold and Chemdawg 4. With buds that are large and full of orange pistils, this strain gives off strong earthy notes and the smell of burnt coffee. Averaging at 24.5% THC, its potent effects will send you into a relaxed and euphoric state that can help alleviate anxiety and stress.","An alien stands victorious but weary on a battlefield, holding one sword while the others lay scattered around. The landscape is rugged, reflecting the earthy, burnt coffee notes of Kelly Hill Gold.","The Five of Swords often signifies conflict and personal gain at the expense of others. In relation to Kelly Hill Gold, it symbolizes the overcoming of internal battles, particularly stress and anxiety, suggesting a bittersweet victory.", 
six of swords,Az-Super-Sour-Og,"VOTS AZ Super Sour OG from Valley of the Sun is a sour and skunky hybrid strain that can test as high as 24% THC. Its sativa-dominant genetics ease consumers into euphoric focus, making it a perfect daytime strain for creative pastimes and social gatherings. The uplifting qualities are recommended for depression and stress, but novice consumers should take caution as its psychoactive effects can become overwhelming in large doses.","An alien navigates a small boat across tranquil waters under a clear sky, transitioning from turbulent to calm seas. The boat's sails are full and billowing, symbolizing uplift and vigor, akin to the effects of AZ Super Sour OG.","This card typically represents moving from distress to relief. The expansive sails catching the wind emphasize an uplifting journey, aligning with the strain's ability to enhance focus and alleviate stress, guiding users towards a more positive mental state.",
seven of swords,Madcow,"Madcow descends from two high-energy sativas, Durban Poison and Purple Cow. With a heavy blanket of crystal resin, this strain is a solid choice for veteran consumers and for making concentrates. This pure-blooded sativa will hit you with weightless cerebral effects and induce fits of laughter. Smooth yet spicy, this flower releases a flavor similar to that of butterscotch.","An alien tiptoes away from a campsite, carrying five swords over their shoulder while two remain stuck in the ground. The scene has a playful butterscotch hue, reflecting the strain's smooth and spicy flavor.","The Seven of Swords is associated with stealth and strategy, which resonates with Madcow's potent cerebral effects that might sneak up on a user. This card warns of the need for caution and discretion.", 
eight of swords,Sugar-Cookie,"Sugar Cookie is a relaxing indica-dominant hybrid with an aromatic sweetness that is likely to have influenced this strain’s name. You might think this hybrid belongs in the same family as the famed Girl Scout Cookies, but its genetics say otherwise. Sugar Cookie is a three-way cross between Crystal Gayle, Blue Hawaiian, and Sensi Star, together passing on the resinous qualities of a Northern Lights ancestor along with tropical fruit and berry flavors. Your new favorite midnight snack may just be this indica Sugar Cookie, as it delivers a deep, full-body calm before lulling you into deep sleep.","An alien is blindfolded and bound within a circle of eight swords, standing in a field of sugar cane and cookies, symbolizing the strain's sweet, comforting nature amidst the feeling of restriction.","Usually, the Eight of Swords implies restriction and self-imposed limitations. Sugar Cookie's relaxing effects can either be seen as a soothing escape or a reminder not to get too comfortable and avoid confronting necessary challenges.",
nine of swords,Super-Chronic,"Super Chronic is an indica-dominant cross between a pre-‘98 Chronic and Critical Kush. Super Chronic brings you a smooth, sweet flavor with hints of skunk, lemon, and pine. Cultivated for potency and strong medical benefits, Super Chronic is a sublime strain with high levels of THC and CBD for a calming cerebral high.","An alien sits up in bed, hands covering their face, while nine swords hang on the wall above, each reflecting a scene of stress and worry. The room has a soothing ambiance with hints of lemon and pine to suggest relief.","This card typically represents anxiety, worry, and despair. Super Chronic's calming effects are crucial here, offering a way to soothe the mind and alleviate the fears and anxieties depicted in the card.", 
ten of swords,Super-Cat-Piss,"The Super Cat Piss strain smells just like you would imagine.  The name doesn't provoke very appetizing ideas but this is a great sativa.
","An alien lies on the ground with ten swords in their back, under a bright and clear sky. Nearby, a whimsical alien cat is playfully urinating near the body, adding a humorous yet symbolic element to the scene. The environment subtly incorporates elements that suggest the strain's uplifting sativa effects and its unique, pungent aroma.","The Ten of Swords symbolizes defeat, yet the cat's action introduces a note of irreverence and change, akin to the unexpected effects of Super Cat Piss. This playful imagery suggests finding humor and new beginnings in adversity, aligning with the strain's mood-altering properties.", 
,,,,, 
one of pentacles,Paris-Xxx,"Paris XXX is an extension of the Paris OG family that has placed in multiple Cannabis Cup competitions. This indica variety combines Headband OG, Chemdawg, and OG Kush genetics, creating a crisp, piney, and woody flavor on inhale. The fast-acting effects provide a balance of cerebral stimulation and full-body relaxation. Paris XXX is known to increase your appetite while also sparking creativity. ","An alien stands in a serene park at the heart of Paris, holding a glowing pentacle that emits a crisp, piney aura. The scene merges the tranquility of nature with subtle urban elements, such as distant views of Parisian architecture. The pentacle's design is elegant yet simple, reflecting the strain's robust and award-winning heritage.","This card signals the start of a prosperous venture. The blend of a quiet park setting with hints of the cityscape mirrors the strain's crisp and woody flavor, while the pentacle suggests the balanced cerebral and body effects that stimulate creativity and appetite. The integration of Parisian elements adds a touch of sophistication without overwhelming the natural simplicity of the scene.", 
two of pentacles,Moonwalker-Kush,"Moonwalker Kush is a balanced indica-dominant hybrid that is the genetic cross of Triple OG and Tahoe Alien. This odoriferous combination speaks volumes through its scent, which is thick with soured earth and a hint of pepper on the finish. The herbaceous terpene profile aligns nicely with this strain’s intense relaxation and moderate cerebral effects. Try Moonwalker Kush after dark to harness the sedative effects nestled below layers of trichomes and brown pistils.    ","An alien performs a graceful moonwalk dance on a celestial body, balancing two glowing pentacles, one in each hand. The backdrop is a starry sky, enhancing the surreal and balanced nature of the strain.","This card represents maintaining balance through dynamic changes. The act of moonwalking, a controlled yet fluid motion, mirrors the balancing act of managing the dual effects of relaxation and mild cerebral stimulation offered by Moonwalker Kush, making it ideal for evening use.", 
three of pentacles,Alohaberry,"Originating from the tropical islands of Hawaii, Alohaberry releases a pleasant aroma and taste of tropical berries. It is known for its unique sweet taste and because it is an equal hybrid, the effects are both mind and body. Flowering time for this plant is approximately 8-9 weeks.","Three aliens collaborate on cultivating a vibrant, tropical plant, symbolizing teamwork and skill development. The plant emits a berry-scented aura.","This card signifies collaboration and growth. The teamwork in cultivating the tropical Alohaberry plant mirrors the strain's balanced effects on mind and body, enhancing both creativity and relaxation.", 
four of pentacles,Purple-Swish,"Purple Swish is an intensely fruity indica strain. It’s a cross of Purple Urkle and Rare Dankness #1, and expresses dark buds with deep purple hues. This strain’s deep relaxation is coupled with giggly euphoria that will glue you to the couch with a smile on your face. The grower recommends utilizing Purple Swish for migraines, ADD/ADHD, and stress. Purple Swish also has a snappy 50 to 60 day flowering time.  ","An alien clutches four pentacles tightly, surrounded by purple hues and fruit scents, representing a protective stance over resources.","This card typically reflects security and control. The deep purple and fruity aroma of the surroundings emphasize the strain's soothing yet euphoric effects, ideal for stress and pain relief.", 
five of pentacles,Deep-Chunk,"This pure indica from Afghanistan was introduced to Northern California by breeder Tom Hill in the late 1970s. Deep Chunk combines a relatively short flowering time with exceptional resin production. It is often found with hints of purple or deep reds in the tight, compact flowers. The aroma of this stout, broad-leafed plant is regularly described with flavors of earth, hash, chocolate, and pine. Classified by many as 'old school,' Deep Chunk is sure to induce feelings of nostalgia that coincide with its ability to relieve ailments such as insomnia, digestive issues, and chronic pain.","An alien stands in a snowy scene, outside a warmly lit window, holding a pentacle carved with deep red and purple patterns, representing exclusion but near potential comfort.","This card often indicates hardship or health challenges. The strain's earthy and pine flavors, combined with its potent effects, offer relief, symbolized by the warmth just beyond the cold exterior.", 
six of pentacles,Diesel-Duff,"Diesel Duff is a happy, mellow strain that may just have your thoughts spinning off into new tangents. This strain’s effects tend to be more sativa in nature, taking after its Sour Diesel genetics. It’s a great choice for taming the mind during daytime and getting things done as long as your pursuits are not too labor-intensive.","An alien joyfully distributes six pentacles to a crowd, under a bright, energizing light, symbolizing generosity and fairness.","This card represents the distribution of wealth or knowledge. The uplifting and creative effects of Diesel Duff inspire generosity and active engagement, reflecting the strain's sativa influences.", 
seven of pentacles,S.A.G.E.,"S.A.G.E. stands for Sativa Afghani Genetic Equilibrium, it is a well balanced Haze crossed with a robust indica strain. Containing over 20% THC it took 2nd place in the blind test at the 2001 Cannabis Cup. Spicy sandalwood flavor combined with a long lasting and uplifting high make this the plant for those who like the best.","An alien patiently tends to seven flowering plants, reflecting the strain's balanced genetics and the rewards of careful cultivation.","This card signifies patience and investment in future gains. The spicy, uplifting effects of S.A.G.E. align with the gardener's anticipation of the harvest, symbolizing a well-balanced effort and outcome.", 
eight of pentacles,Peyote-Cookies,"Peyote Cookies by Barney’s Farm was created by crossing Peyote Purple and Barney’s famous Cookies Kush. It was developed through a detailed selection and back-crossing process that helped isolate the very best qualities of both parent strains, resulting in a vigorous hybrid flower that is easy to grow and pleasurable to consume. The flowering plant displays a dazzling ruby red and purple complexion coupled with delicious flavors of guava, vanilla, coffee, and earth. This strain is also mold and mildew-resistant and grows superbly indoors or outdoors.","An alien in a dimly lit workshop meticulously crafts eight intricate pentacles, each adorned with patterns of ruby red and deep purple, under a workshop light. The workshop is accented with hints of desert flora, echoing the strain's hardy nature.","This card represents dedication and mastery in one's craft. The careful crafting of each pentacle, adorned with colors reflecting the Peyote Cookies strain, symbolizes the complexity and robust flavors of the strain, mirroring the artisan's commitment and precision.", 
nine of pentacles,Pink-Sunset,"Pink Sunset is the indica phenotype of the delicious indica-dominant hybrid Sunset Sherbert. This sugary strain has roots in Girl Scout Cookies, but pushes the functional sedation of its OG Kush and Cherry Pie parentage into the realm of full-body relaxation. Use this strain after work to unwind or on the way to bed as a dreamy dessert that combats insomnia, chronic pain, and nausea.   ","An alien lounges in a lush garden under the warm hues of a pink sunset, surrounded by nine glowing pentacles. The air is filled with sugary, floral scents, enhancing the sense of luxurious solitude.",This card symbolizes abundance and self-reliance. The tranquil pink sunset reflects the strain's soothing effects and the serene environment promotes relaxation and contentment in one's achievements., 
ten of pentacles,Michael-Phelps-Og,"When word got out that the Olympic gold medalist enjoyed cannabis, it was only a matter of time before a strain would be named in his honor. Michael Phelps OG is a hybrid strain that no doubt carries OG Kush genetics, but other ancestry remains uncertain. You can smell the OG in this one as earthy, sweet notes of pine and lemon explode on the exhale. Small doses of Michael Phelps OG leave your mind and body agile, but overdo it and you’re more likely to find the effects ironically lazy and inactive.","An alien family gathers joyously in a garden setting, surrounded by ten glowing pentacles. One of the aliens proudly wears a gold medal, a subtle nod to Michael Phelps. The scene blends earthy and sweet aromas, creating a warm, inviting atmosphere.","This card symbolizes familial success and the establishment of a lasting legacy. The gold medal represents achievement and excellence, akin to the uplifting yet potent effects of Michael Phelps OG, emphasizing the importance of success combined with moderation and balance in life's pursuits.", 
,,,,, 
page of wands,Hot knife,"A method where small pieces of cannabis concentrate are placed on a heated metal surface, usually the tip of a knife, and the resulting vapor is inhaled. This is a simple and quick way to consume concentrates without specialized equipment.","An alien youth, full of curiosity, experimenting with a glowing, futuristic device that heats a strange, crystalline substance. The background could be a workshop or a lab filled with alien technology.","Represents the exploration and excitement of discovering new methods, much like the innovative approach of using a hot knife.", 
knight of wands,pipe,"A small, handheld device used to smoke cannabis. Pipes can be made from a variety of materials including glass, metal, and wood. Cannabis is placed in the bowl of the pipe, ignited, and the smoke is inhaled through the mouthpiece.","A dynamic, adventurous alien riding across a Martian landscape on a hover-bike, clutching a large, ornately designed pipe that emits colorful smoke trails.","Symbolizes the boldness and swift action of the Knight, channeling the direct and traditional experience of smoking a pipe.", 
queen of wands,dab,"A method of consuming cannabis concentrates that involves a small amount of concentrate (called a ""dab"") being placed on a hot surface, typically a nail or banger attached to a dab rig, and the resulting vapor is inhaled.","A regal and confident alien queen in a throne room, using a sophisticated dab rig that looks like it's made from meteoric metal and cosmic stones, surrounded by flames that morph into visions.","Reflects the queen's mastery and authority over powerful experiences, akin to the potent effects of dabbing.", 
king of wands,joint,"A rolled cannabis cigarette, typically made with rolling papers. Ground cannabis is evenly distributed in a paper, rolled, and sealed. The joint is then lit at one end and smoked.","A wise and commanding alien king holding a ceremonially crafted joint, sitting before a council of various interstellar beings.","Represents leadership and charisma, with the joint symbolizing the communal and traditional aspects of consumption.", 
,,,,, 
page of cups,Hash,A concentrate made from the compressed resin of the cannabis plant. Hash can vary in texture and can be smoked or vaporized.,"A youthful alien, intrigued, inspecting a shimmering, semi-solid hash that transforms into aquatic shapes (like fish) in its hands, near a serene intergalactic pond.","Symbolizes the dreamy and imaginative qualities of the Page, exploring the depths of emotion and the transformative experience of hash.", 
knight of cups,drinkable,"Cannabis-infused beverages, ranging from teas and coffees to sodas and cocktails. These deliver cannabinoids through ingestion, offering an alternative to smoking or vaporizing.","An elegant alien knight riding a creature resembling a sea dragon, holding a chalice filled with a sparkling, nebula-like liquid.","Embodies the adventurous pursuit of new emotional landscapes, much like the journey one embarks on with psychedelic beverages.", 
queen of cups,bath bomb,"A bath product infused with cannabis extracts. When dissolved in hot bath water, the cannabinoids are released, allowing absorption through the skin, providing a relaxing and potentially therapeutic experience.","A serene, empathic alien queen reclining in a cosmic pool that effervesces with an ethereal bath bomb, the water glowing with soothing energies.","Reflects the nurturing and introspective qualities of the Queen, highlighting the therapeutic and immersive experience of a bath bomb.", 
king of cups,bong,"A filtration device generally used for smoking cannabis, consisting of a water chamber and a bowl. Smoke passes through water before inhalation, cooling it and reducing its harshness.","A wise and composed alien king in a tranquil setting, using a bong that resembles a piece of ancient, celestial artifact.","Represents emotional stability and wisdom, with the bong symbolizing depth and reflection.", 
,,,,, 
page of swords,patches,Transdermal patches containing cannabinoids that are applied to the skin. They deliver a steady and controlled release of cannabinoids into the bloodstream over time.,"An intrigued young alien with several small, glowing THC patches adhered directly to his skin. Each patch emits a subtle, otherworldly glow as he explores a high-tech environment, his attention captured by the immediate effects.","Highlights the Page's curiosity and readiness to explore new ideas, paralleling the innovative and direct application of THC through skin patches.", 
knight of swords,tincture,"A liquid cannabis extract typically administered sublingually (under the tongue). Tinctures are made by dissolving cannabis in alcohol or another solvent, offering a smoke-free method of consumption.","A swift-moving alien knight, dashing through a storm on a steed that looks like it's made of vapor, holding a dropper bottle high. The storm clouds part where the tincture drops fall.","Emphasizes the direct and fast-acting nature of tinctures, akin to the sharp intellect and direct approach of the Knight of Swords.", 
queen of swords,butter / edible,"Cannabis-infused butter used as an ingredient in cooking or baking. Edibles are foods prepared with cannabis-infused ingredients, offering delayed but prolonged effects.","A wise and authoritative alien queen in a kitchen filled with cosmic ingredients, stirring a pot with a glowing, golden butter. The kitchen overlooks a landscape of intellectual constructs like books and scrolls.","Represents clarity of thought and the nurturing yet powerful nature of the Queen, using butter as a versatile base for wise and measured consumption.", 
king of swords,Pills/capsules,"Cannabis products encapsulated in small, digestible forms. These provide a precise dosage of cannabinoids in a convenient and discreet manner.","A strategic and commanding alien king in a modern, clean laboratory, examining a capsule held up to the light, showing a complex inner mechanism.","Stands for the control, authority, and precision of the King, paralleling the precise dosing and clinical approach of consuming THC through pills.", 
,,,,, 
page of pentacles,gummie,"Soft, chewable candies infused with cannabis extract. Gummies are a popular form of edible due to their ease of use, discrete nature, and variety of flavors.","A young, enthusiastic alien, experimenting with a machine that molds gummies into miniature planets and stars, surrounded by books and scrolls about herbal properties.","Represents the fascination and tangible opportunities of the Page, exploring the pleasurable and accessible form of THC gummies.", 
knight of pentacles,blunt,"A cigar hollowed out and refilled with cannabis. Blunts are larger than joints and typically wrapped in tobacco leaves, which adds a distinct flavor and effect due to the nicotine content.","A reliable and methodical alien knight sitting astride a robust, terranean beast, carefully rolling a giant blunt with leaves plucked from exotic, lush vegetation around. - he could also be off his horse to roll his blunt, since this knight is the slowest moving :>","Emphasizes the diligence and thorough nature of the Knight, mirroring the traditional and immersive experience of smoking a blunt.",
queen of pentacles,cart,"Short for cartridge, a pre-filled container of cannabis oil or concentrate that is attached to a battery-powered vaporizer. Carts offer a discreet and convenient way to vaporize cannabis.","A nurturing queen in a lush, vibrant garden, holding a vape pen with a cartridge that shows a tiny, flourishing ecosystem inside.","Highlights the Queen's connection to nurturing growth and providing care, akin to the clean, controlled intake from a THC cart.",
king of pentacles,topical,"Cannabis-infused creams, balms, lotions, or oils applied directly to the skin. Topicals are used for localized relief of pain or inflammation without psychoactive effects.","A prosperous alien king in a spa-like setting, applying a golden, shimmering topical cream that glows upon contact with the skin, surrounded by luxurious comforts.","Portrays the King’s material success and comfort, focusing on the practical and bodily benefits of topical THC applications.",
,,,,,
Major Arcana,,,,,
the fool,,,"An alien, eyes wide with wonder, floats just above the ground, held aloft by a cluster of colorful balloons shaped like various cannabis leaves and buds. It is about to float over a cliff into a swirling nebula of stars and cosmic lights below, holding a small, glowing orb that emits playful light.","Represents the beginning of an adventurous journey, stepping into the unknown with innocence and optimism. The floating alien suggests the leap of faith and the freedom from earthly constraints, while the glowing orb symbolizes the potential and energy of new adventures.",
the magician,,,"An alien stands at a futuristic console on a spaceship, manipulating holographic projections of cannabis plants and smoke that take various shapes, like DNA helices and galaxies. Each item represents an element (earth, air, fire, water) but in forms relevant to cannabis cultivation and use.","Represents resourcefulness, skill, and the manifestation of desires. The control console and holograms symbolize mastery over one's environment and the ability to shape reality, reflecting the Magician's connection to technology and creation.",
the high priestess,,,"An alien sits in a tranquil, dimly lit chamber, surrounded by ancient, glowing runes and a large, translucent moon hanging overhead. In its lap rests an open book with pages made of delicate, vaporous smoke, from which mystical symbols occasionally rise.","Represents intuition, mystery, and esoteric knowledge. The smoke-filled book and glowing runes symbolize hidden knowledge and the deeper, often subconscious truths waiting to be discovered, akin to the unveiling of profound insights through introspection.",
the empress,,,"Surrounded by a thriving alien greenhouse, an alien reclines comfortably on a throne made from living, intertwined cannabis plants. Various exotic, alien plants bloom around her, and small creatures pollinate the flowers, creating a vibrant ecosystem.","Represents fertility, nurturing, and abundance. The greenhouse full of life and the throne of cannabis plants symbolize the nurturing environment and the growth and protection provided by The Empress, embodying the creation and sustenance of life and ideas.",she probably smokin :p
the emporer,,,"An alien, regal and imposing, sits on a massive throne carved from asteroid rock, floating above a barren landscape. It holds a scepter topped with a glowing, crystalline THC molecule, and its cape billows in a cosmic wind.","Represents authority, structure, and control. The stark, imposing throne and the barren landscape symbolize the order and control exerted by The Emperor, while the scepter represents the power and responsibility held.",
the hierophant,,,"An elderly alien, wise and serene, sits beneath a giant, ancient tree whose leaves subtly resemble cannabis sativa leaves. Around it, younger aliens of various species gather, listening intently. The alien holds a staff topped with a complex emblem combining a cannabis leaf and a key, symbolizing knowledge and unlocking potential.","Represents tradition, spiritual wisdom, and guidance. The ancient tree symbolizes deep roots in tradition and knowledge, while the gathering of diverse species highlights the Hierophant’s role in mentoring and passing down cultural and spiritual wisdom. The staff with its emblem suggests the unlocking of deeper understanding and communal values through guidance.",
the lovers,,,"Two aliens sit facing each other, their expressions serene and connected. One alien gently blows smoke into the other’s mouth, creating a soft, swirling cloud of smoke between them. The background is a lush, otherworldly garden, symbolizing a paradise of sorts.","This card traditionally represents relationships and choices. The act of shotgun smoking here symbolizes deep sharing and interdependence, highlighting intimacy and the exchange of energy and ideas. It reflects the choices one makes in close relationships and the harmony achieved through mutual understanding and connection.",
the chariot,,,"An alien rides a sleek, futuristic vehicle that hovers above the ground, splitting a cloud of psychedelic smoke as it moves. The chariot is pulled by two robust, mythical creatures, one made of vibrant, living vines and the other of swirling, spectral smoke, representing control over both the material and immaterial.","Represents victory, control, and determination. The advanced chariot and the contrasting creatures symbolize the mastery of conflicting forces within oneself and the external environment. The journey through the psychedelic smoke illustrates overcoming challenges through willpower and control.",
the strength,,,"An alien gently interacts with a massive, fearsome beast that looks part-plant, part-animal, with thick vines and buds forming parts of its body. The alien, showing no fear, calms this creature by feeding it light from its hand, which the beast gently accepts.","Represents inner strength, courage, and compassion. The interaction between the alien and the beast highlights the power of compassion and understanding over brute force. The plant-animal hybrid creature symbolizes the integration of natural instincts with higher ideals.",
the hermit,,,"High atop a mountainous, moon-like landscape, an alien stands cloaked in a robe woven from fine, silvery threads resembling spider silk. It holds a lantern glowing with a green, ethereal light, casting a long shadow over the craggy terrain. The alien's other hand clutches a staff topped with an orb encasing a miniature, glowing cannabis garden.","Represents introspection, solitude, and guidance. The remote, moon-like setting and the glowing lantern symbolize the Hermit's search for personal truth and enlightenment away from the chaos of society. The miniature cannabis garden within the orb highlights self-sustenance and the nurturing of one's inner growth and understanding.",
the wheel of fortune,,,"An alien stands before a large, circular portal that spins with holographic symbols representing various stages of life and fate, including phases of a cannabis plant's life cycle from seed to harvest. The portal emits a shimmering, ever-changing light, and floating around this structure are small creatures, each trying to influence the spin in its favor.","Represents cycles, fate, and the turning points in life. The spinning portal with its life cycle symbols highlights the inevitabilities and the cyclical nature of life and destiny. The creatures around it signify the various external influences and the randomness of fortune.",
the justice,,,"An imposing alien judge sits behind a desk made of transparent crystal, scales made of delicate, glowing energy beams balancing two orbs—one filled with dense smoke, the other clear and bright. The judge's eyes emit a soft, impartial light, scanning both spheres equally.","Represents fairness, truth, and law. The energy beam scales with their contrasting orbs symbolize the weighing of actions and intentions, dark versus light, guilt versus innocence. The clear desk and the judge's illuminated eyes emphasize transparency and the pursuit of truth.",
the hanged man,,,"An alien hangs upside-down from a levitating ring in a serene, star-filled space, its limbs relaxed and its face calm, eyes closed in meditation. It holds a small, glowing cannabis leaf in one hand, which seems to emit a peaceful light enveloping the figure.","Represents suspension, sacrifice, and new perspectives. The serene cosmic setting and the meditative posture of the alien highlight introspection and the voluntary pause for a higher purpose. The glowing leaf symbolizes enlightenment or insight gained through such sacrifice.",OR holding a blunt. just sayin.
death,,,"A transformation scene where an alien figure walks through a misty portal, shedding its old, withered form which crumbles into compost that nourishes a vibrant cannabis garden emerging on the other side. The portal frame is adorned with symbols of regeneration and cycles.","Represents endings, transformation, and renewal. The shedding and regrowth illustrate the inevitable cycle of death leading to new life, emphasizing that endings are just the start of new beginnings. The composting process symbolizes the nourishment that past experiences provide to future growth.",
temperance,,,"An alien mixes two flowing streams of liquid—one fiery and glowing, the other cool and dark—into a large basin that emits a harmonious, luminescent vapor. Around the basin, a balanced ecosystem thrives, blending elements of alien flora and fauna.","Represents balance, moderation, and purpose. The mixing of opposing liquids symbolizes the harmonious blending of different aspects of life to achieve equilibrium. The thriving ecosystem around the basin illustrates the fruitful results of maintaining balance and moderation.",
the devil,,,"In a cavernous, shadowy setting, an alien figure with an imposing presence offers a glowing, tempting cannabis bud in one hand while the other hand manipulates shadowy tendrils that subtly bind the feet of other aliens around it. These aliens look mesmerized, unaware of their bindings.","Represents addiction, materialism, and bondage. The tempting bud symbolizes the allure of vices or material desires that can lead to one's own entrapment. The shadowy tendrils are the unseen chains of addiction and dependency that hold one back from true freedom.",
the tower,,,"A towering structure built from stacked, crystalline blocks resembling trichomes collapses under a strike from a meteor, while aliens around it flee or watch in awe. The tower breaks apart, revealing hidden growths of mold and rot inside, previously obscured by the structure's gleaming exterior.","Represents sudden upheaval, revelation, and the destruction of illusion. The collapse of the tower symbolizes the dramatic removal of false beliefs and structures built on unstable foundations. The hidden decay reveals the necessity of this disruptive change for true renewal.",
the star,,,"An alien kneels by a tranquil, reflective pool on a peaceful planet, pouring liquid light from two cosmic containers that nourish both the pool and the lush, otherworldly garden around it. Above, a constellation in the shape of a cannabis leaf shines brightly, illuminating the scene.","Represents hope, inspiration, and serenity. The act of nourishing the garden symbolizes healing and the rejuvenation of spirit and purpose. The cannabis leaf constellation symbolizes guidance and the connection to universal energies, offering hope and direction.",
the moon,,,"A mysterious landscape under a large, luminescent moon, casting shadows and distorting the shapes of alien flora and fauna. An alien figure follows a path forked between two towering cannabis plants, leading into a dark, unknown forest, its eyes reflecting both fear and curiosity.","Represents illusion, fear, and the subconscious journey. The distorted shadows and eerie light symbolize the confusing and often deceptive path of the subconscious. The forked path suggests the choices one must make with limited visibility, relying on intuition.",
the sun,,,"Vibrant and joyful, this card shows an alien landscape under a brilliant, radiant sun, where aliens of all shapes and sizes gather in a field of blooming cannabis plants, celebrating with music and dance. The atmosphere is one of pure joy and abundant life.","Represents success, vitality, and enlightenment. The celebration and thriving plants symbolize the fulfillment and happiness that comes with clarity and success. The radiant sun provides energy and life, encouraging growth and warmth.",
the judgement,,,"Aliens rise from a landscape that looks like a cosmic sea, responding to the call of a massive, resounding horn played by a celestial figure in the sky. Around them, clouds of vapor form images of their past actions, reflecting their life's journey.","Represents rebirth, reflection, and awakening. The rising from the cosmic sea symbolizes the resurrection of the self or a profound transformation based on the reflections and evaluations of past deeds. The celestial horn calls for a higher purpose or a new phase of life.",
the world,,,"a dark cosmos centered around a large, transparent sphere resembling a living cell. Inside, a network of roots and vines, including exotic cannabis strains, forms a miniature universe. Alien artifacts float around the sphere, symbolizing civilization and knowledge.","Represents integration, accomplishment, and interconnectedness. The sphere emphasizes the harmony of the universe, showing how all elements are interconnected. The floating artifacts symbolize mastery and the culmination of a journey, reflecting a higher understanding achieved through interconnectedness.",donno man