Card,Strain,Matching Criteria,Description
one of wands,Tardis,"Talkative, Creative, Sweet, Diesel, Spicy/Herbal, sativa","Tardis, or “The Tardis,” is a sativa-dominant strain with far-out cerebral  effects. Appropriating the title of Dr. Who’s famous phone booth, Tardis is a cross of Oregon Diesel and Trainwreck. This heady pairing lands behind the eyes, saddling the mind with euphoria and introspective thoughts. These attributes make Tardis a strong mood enhancer, teasing at the consumer's imagination and creativity while helping abate stress. Respect this strain’s potency, as it has been reported to reach upwards of 26% THC.  "
one of wands,Full-Moon,"Aroused, Creative, Spicy/Herbal, Citrus, Earthy, sativa","Nirvana Seeds found this beauty on the Thai island of Koh Phangan and named it after the famous Full Moon Party held monthly on Haad Rin beach. A classic tropical sativa, Full Moon is a tall, stretchy, long-flowering strain that will produce dense buds under HID lighting. Sweet-smelling with a spicy smoke typical of most Thai varieties, users can expect a trippy, visually stimulating high that can be uncomfortable to those unfamiliar with strong sativas."
one of wands,Summertime-Squeeze,"Creative, Happy, Tea, Earthy, Spicy/Herbal, sativa","Summertime Squeeze is a sativa-dominant strain whose aroma brings to mind fresh citrus and tropical fruit. Its high-energy, active effects make it a perfect choice for getting outside, socializing, or indulging in creative activities."
one of wands,Harley-Storm,"Relaxed, Uplifted, Spicy/Herbal, Sweet, Tropical, sativa","Harley Storm by Cannavative is a complex union of CBD-rich parent strains. By crossing Harle-Tsu and Thunderstruck, this aptly named strain takes on mild cerebral effects while remaining primarily medicinal. Harley Storm offers consumers an uplifting headiness with alert stimulation while reducing inflammation and pain. Consume this strain’s massive 22:1 CBD/THC ratio on its own or as a supplementary addition to other strains."
one of wands,Narnia,"Happy, Creative, Sweet, Citrus, Spicy/Herbal, sativa","Narnia, a strain produced by Soulshine Cannabis and developed by Advanced Growing Technologies, is the stimulating sativa-dominant cross of Jack Herer and Trainwreck. It has an incredibly fast onset, imbuing consumers with an amplified sense of their imaginations while promoting upbeat physical activity. This long-lasting strain has massive trichome production and a terpene profile rich with citrus tang, spice, and a touch of sweetness. Enjoy Narnia to enhance mood, encourage creativity, and nullify lethargy. "
two of wands,Elmers-Glue,"Hungry, Relaxed, Sage, Pepper, Sweet, hybrid","Elmer’s Glue by Relentless Genetics is an embellishment of the potent and famous Gorilla Glue #4. This strain is a cross of Gorilla Glue #4 and The White, and it is considered by some to be an improvement on GG4’s flavor and trichome production. Elmer’s Glue retains the sharp pine, astringent, and fuel aromas of its dominant parent while expressing more subtle sweet, earthy notes on the exhale. Beyond this strain’s incredible trichome coverage, the height, yield, and flowering time are relatively average. "
two of wands,Biker-Leblanc,"Relaxed, Focused, Spicy/Herbal, Sage, Earthy, hybrid","A sativa-dominant hybrid rarely found nowadays, Biker Le’Blanc is a dense and resinous strain that combines Raskal’s The White with Hell’s Angel OG (Biker Kush cut). Leading with a skunky, earthy aroma typical of OG varieties, Biker Le’Blanc offers heavily relaxing effects that weigh the body down without causing too much cloudiness in the head. Its THC content is known to stretch to 23%, so proceed with caution if you’re sensitive to cannabis’ psychoactive effects."
two of wands,Wreckage,"Uplifted, Relaxed, Earthy, Nutty, Sage, hybrid","Wreckage, bred by T.H. Seeds, is a sativa-dominant cross between Trainwreck and SAGE that provides an energetic, happy escape from stress, fatigue, and bad moods. Combining flavor profiles from both parents, Wreckage takes on a fresh menthol and herbal sandalwood aroma. "
two of wands,Bloodhound,"Happy, Relaxed, Earthy, Sage, Spicy/Herbal, hybrid","Bloodhound is the obscure cross of Huckleberry Hound and Guard Dawg (by RedEyed Genetics). This genetic coupling was motivated by the desire to preserve the beautiful foliage and tartness of Huckleberry Hound while co-opting Guard Dawg’s potency. With a decent yield and THC percentage upwards of 24%, this strain smells of tart fruit intermixed with an earthy chocolate fondue flavor."
two of wands,Dreadlock,"Focused, Relaxed, Earthy, Diesel, Sage, hybrid","Dreadlock, hailing from Canada, is a 50/50 hybrid with energizing effects that carry social interactions to a new level. Patients and consumers chasing strains with mood-elevating properties stop their search at Dreadlock, a name derived from its dense, nappy buds. It produces heavy yields of sweet, musky flowers blanketed in crystal trichomes. A good strain for novice growers, Dreadlock plants are hardy and resilient when it comes to mold. Joint Doctor Seeds, the strain’s original growers, recommend indoor soil gardens and the “screen of green” method. A full 9 weeks for flowering is suggested with Dreadlock, as it tends to gain a lot of weight and THC in its final mile."
three of wands,Y-Griega,"Happy, Energetic, Earthy, Woody, Flowery, sativa","Also known as simply “Y,” the 80% sativa Y Griega is an energizing strain with a sweet floral, citrus aroma. Unusual for a sativa variety, Y Griega produces large, resin-coated buds on tall stalks. This sativa cross between Amnesia Haze and Kali Mist delivers an energetic cerebral buzz followed by a long-lasting calm that soothes both mind and body. Y Griega’s high THC content makes it suitable for a variety of conditions including pain, inflammation, glaucoma, fatigue, and appetite loss. Growers won’t be disappointed with Y Griega’s yields, but its 85 to 95-day flowering time requires some devotion and patience."
three of wands,Alaska,"Relaxed, Sleepy, Earthy, Woody, Pine, sativa","Alaska, developed by Tikun Olam, is an Israeli strain comprised of 70% sativa genetics. With uplifting effects intended for daytime consumption, Alaska has been found to successfully treat an array of medical symptoms including inflammation, pain, nausea, insomnia, and gastrointestinal disorders. "
three of wands,3D-Cbd,"Uplifted, Focused, Earthy, Woody, Flowery, sativa","3D CBD from Snoop Dogg’s branded line of cannabis strains was crafted with patients in mind. With a THC:CBD ratio of about 5:8, this earthy-flavored sativa is preferred for treating pain, inflammation, and muscle tension. Consumers susceptible to THC-induced anxiety may also appreciate the sobering, relaxing balance CBD has to offer."
three of wands,Outlaw,"Euphoric, Uplifted, Earthy, Woody, Spicy/Herbal, sativa","Outlaw is a high-intensity strain bred by Dutch Passion, who combined Super Haze and Amnesia to create this 80% sativa. It inherits a sweet aroma from its Haze parent, intermixing fresh earthiness with sour lemon. Outlaw’s initial impact comes quickly and powerfully, but evens out to an uplifting, clear-headed buzz over time. With a THC content that typically falls between 15-20%, Outlaw may help patients treat glaucoma, inflammation, depression, migraines, and ADD/ADHD. Outlaw’s breeders recommend growing this sativa using the screen of green (SCROG) method with a 12-week flowering in order to capture its full flavor."
three of wands,Jack-Herer,"Happy, Uplifted, Earthy, Pine, Woody, sativa","Jack Herer is a sativa-dominant cannabis strain that has gained as much renown as its namesake, the marijuana activist and author of The Emperor Wears No Clothes. Combining a Haze hybrid with a Northern Lights #5 and Shiva Skunk cross, Sensi Seeds created Jack Herer hoping to capture both the cerebral elevation associated with sativas and the heavy resin production of indicas. Its rich genetic background gives rise to several different variations of Jack Herer, each phenotype bearing its own unique features and effects. However, consumers typically describe this 55% sativa hybrid as blissful, clear-headed, and creative.Jack Herer was created in the Netherlands in the mid-1990s, where it was later distributed by Dutch pharmacies as a recognized medical-grade strain. Since then, the spicy, pine-scented sativa has taken home numerous awards for its quality and potency. Many breeders have attempted to cultivate this staple strain themselves in sunny or Mediterranean climates, and indoor growers should wait 50 to 70 days for Jack Herer to flower."
four of wands,Golden-Tiger,"Talkative, Uplifted, Minty, Lemon, Apricot, sativa","Golden Tiger is a resinous flower created from two Thai strains and two separate Malawi cuts. Bred by Ace Seeds, this pure sativa flower is a complex blend of Koh Chang Thai and Hmong Thai crossed with Malawi and 3rd Generation Malawi. This powerful sativa is not for beginners, as it offers long-lasting stimulating effects often with a potent psychedelic bent. With a terpene profile that is bright with notes of floral spice and tart lemon, its vigorous physical and mental effects make this a sativa of the highest caliber. This strain’s long sativa lineage comes with a long 11 to 14 week flowering time."
four of wands,Supa-Don,"Uplifted, Creative, Spicy/Herbal, Sweet, Apricot, sativa","Supa Don is a 70% sativa strain bred from Oregon Trainwreck (also called “The Don”) and DJ Short Blueberry. Its dark, forest green buds carry a distinct blueberry aroma and a heavy coat of crystal resin. Due to the high amount of the terpene beta-caryophyllene, Supa Don is known to calm anxieties while lifting depression. "
four of wands,Tropical-Tang,"Happy, Focused, Citrus, Apricot, Skunk, hybrid",None
four of wands,Beast-Mode-Og,"Relaxed, Euphoric, Pine, Apricot, Earthy, hybrid","Beast Mode OG is a proprietary strain of cannabis distributed by Green Umbrella, a Seattle-based delivery service. When the grower, Zion Gardens, first received the strain they believed it was a Girl Scout Cookies cut, but after growing it out it became apparent that this strain was either an exceptional phenotype of OG Kush or it was an OG-dominant hybrid of some kind. The strain was dubbed Beast Mode OG after tasting and testing showed that the potent effects induced a powerful punch similar to the running style of NFL Running Back Marshawn Lynch, nicknamed Beast Mode. The popularity of the strain was amplified to celebrity status as Seattle’s football team claimed its first championship following the 2013 season. The strain itself stays true to OG genetics with a pungent, piney Kush aroma that provides a balance between indica and sativa effects. Beast Mode OG is a great mood elevator and serves as a great answer to stress and body pain."
four of wands,Sour-Breath,"Creative, Energetic, Diesel, Apricot, Pine, sativa","Sour Breath is an odiferous sativa-dominant strain from parent strains Lamb’s Bread and Sour Diesel. This strain imbues consumers with uplifting mental effects and stimulating physical effects that prompt activity. The sour, fuel-forward terpene profile of Sour Breath makes it loud out of the jar, so be prepare for a room-filling aroma. Enjoy Sour Breath throughout the day, but mind your dosage as anxiety is a possible side effect after heavy consumption, especially in unseasoned consumers.  "
five of wands,Blush,"Talkative, Creative, Pepper, Honey, Earthy, hybrid","Blush by Gastown is a balanced hybrid strain with uplifting cerebral effects and relaxing physical attributes. This strain tends to symptoms of depression by elevating the consumer’s mood with an intense, smile-inducing euphoria. This smiley head-high slowly dissolves into the body, saddling the limbs with a calming weight that allows the consumer to relax and relinquish stressful thoughts. Enjoy Blush near the end of the day to maximize its stress relieving qualities.    "
five of wands,Elmers-Glue,"Hungry, Relaxed, Sage, Pepper, Sweet, hybrid","Elmer’s Glue by Relentless Genetics is an embellishment of the potent and famous Gorilla Glue #4. This strain is a cross of Gorilla Glue #4 and The White, and it is considered by some to be an improvement on GG4’s flavor and trichome production. Elmer’s Glue retains the sharp pine, astringent, and fuel aromas of its dominant parent while expressing more subtle sweet, earthy notes on the exhale. Beyond this strain’s incredible trichome coverage, the height, yield, and flowering time are relatively average. "
five of wands,Longbottom-Leaf,"Euphoric, Happy, Pepper, Sweet, Spicy/Herbal, hybrid","Longbottom Leaf is the name of the pipe-weed the hobbits of Middle Earth would enjoy between meals. This sweet, slightly stimulating sativa-dominant hybrid is a mix of Jack’s Cleaner and SFV OG. Longbottom Leaf hits the head immediately, delivering lung expansion and a mental sizzle that settles into the body and leaves the consumer in state of alert tranquility. These latent OG elements make Longbottom Leaf an excellent functional option for patients seeking daytime relief from minor physical discomfort. The crystalline buds exhibit notes of citrus and celery, while the flavor is tart and musky.   "
five of wands,One-To-One,"Focused, Hungry, Earthy, Woody, Pepper, hybrid","Named for its equal balance of THC and CBD, One to One by CBD Seeds is a stabilized hybrid bred from Amnesia Haze and a high-CBD landrace strain. Its nuanced citrus notes come out strong from the first opening of the jar until the final exhale. With effects that embrace both the mind and body, One to One delivers blissful relaxation that encourages a positive mood. One to One finishes its flowering cycle after 8 to 9 weeks, or in September for outdoor gardens."
five of wands,Blue-Ivy,"Relaxed, Focused, Earthy, Pepper, Blueberry, hybrid","You may have 99 problems but Blue Ivy ain’t one. Named after the newborn child of musicians Jay-Z and Beyonce, this hybrid's effects are clearly indica-dominant and of impressive potency, with favorable blueberry undertones. "
six of wands,Cirrus,"Uplifted, Happy, Diesel, Menthol, Grape, sativa","Cirrus by Oregon Cannabis Authority is a high-potency Candyland phenotype. This heady sativa-dominant strain has been known to achieve a THC percentage north of 26% and emits ripe, fuel-like overtones underpinned by musky earth. Cirrus’s buds are decorated in golden hairs and glittering trichomes, exhibiting hints of purple that speak to the strain’s Granddaddy Purple lineage. Anticipate a relaxed body buzz that helps center and focus the mind while reducing pain and gently enhancing mood. Its clear-headed buzz and kind physical effects make it an ideal companion throughout the day in the right dosage.   "
six of wands,Middlefork-X-Pineapple-Express,"Happy, Euphoric, Pineapple, Sweet, Grape, sativa","Middlefork x Pineapple Express is a 75% sativa strain from western Washington that combines the best of both parents: a pungent pineapple aroma and heavy resin production. Notes of berry and earthiness accent the dominant fruity aroma of this strain, bringing fragrant intricacy to this sativa hybrid. Bliss and euphoria overcome the mind, lulling you into a deep sense of calm and contentment. In addition to its rich terpene profile, Middlefork x Pineapple Express typically demonstrates a high cannabinoid content that can stretch beyond 20% THC."
six of wands,Oregon-Pinot-Noir,"Relaxed, Euphoric, Grape, Sweet, Diesel, sativa","This Hawaiian Purple Kush and Pitbull cross was bred among the grapes of a respected Pinot Noir vineyard in Oregon. Taking its name from the breeding location and its deep purple buds, this versatile plant gives off the taste of sweet grapes with a spicy hint of Haze. Though a 80/20 sativa-dominant strain, Oregon Pinot Noir gives the effects of a couch-locking indica, providing a noticeable body high best served for nighttime consumption."
six of wands,Emerald-Jack,"Happy, Uplifted, Earthy, Grape, Pine, sativa","Two highly touted strains harmonize to form the flavorful, sativa-driven hybrid Emerald Jack. Jack Herer, with its amazing spectrum of earthy flavors and heady effects, combines with the pungent sour aromas of Emerald OG to give life to Emerald Jack’s unique terpene profile. Its aroma is a vivid mix of earthy and pine zest that excites the senses and forms flavors of skunky citrus upon exhale. The resulting effects are uplifting, energetic, and are known to inspire creativity. Many chose Emerald Jack for daytime use and its ability to maintain productivity and a clear head."
six of wands,Purple-Champagne,"Uplifted, Focused, Sweet, Grape, Earthy, sativa","Purple Champagne is a sativa-dominant cannabis strain bred by Grand Daddy Purp, who crossed a rare sativa phenotype of his famous Granddaddy Purple with Pink Champagne (AKA Phantom). The main appeal of Purple Champagne is her vibrant bud coloration, but sativa lovers will also appreciate the heady, mood-lifting effects this strain has to offer. "
seven of wands,Organic-Diesel,"Uplifted, Happy, Diesel, Pungent, Tobacco, hybrid",None
seven of wands,Franks-Gift,"Relaxed, Happy, Skunk, Woody, Tobacco, hybrid","Frank’s Gift is a phenomenal phenotype of Skunk Haze that has been known to generate upwards of 20% CBD. This strain delivers a nearly mythological ratio of CBD/THC that lends itself to a variety of medical uses associated with physical discomfort, inflammation, and anxiety. Though Frank’s Gift has predominantly appeared in Oregon, it’s slowly being disseminated throughout the West Coast.   "
seven of wands,Sweet-Nina,"Happy, Relaxed, Diesel, Skunk, Tobacco, hybrid","Sweet Nina by Colorado Seed Inc. is a hybrid cross of Hindu Kush and Nina Limone. Nina Limone (another CO Seed Inc. cut) offers a bright citrus flavor and aroma while imbuing the consumer with a keen mental alertness. This mental energy finds a counterbalance in Hindu Kush, which offers soothing body effects that mellow the consumer into a state of physical relaxation. Sweet Nina is ideal for patients seeking relief from nausea, physical discomfort, and stress.  "
eight of wands,Golden-Calyx,"Relaxed, Uplifted, Sweet, Citrus, Tropical, sativa","Golden Calyx by Calyx Garden in a sativa-dominant cross of a Platinum Calyx father and a Golden Goat mother. The Golden Calyx phenotype was chosen for its unique expression of the best attributes of its parent. This includes a mind-boggling aroma of piña colada, bubble gum, and lavender alongside uplifting physical effects that help stave off fatigue and nausea. Golden Calyx produces a healthy yield over its 8 to 9 week flowering cycle. "
eight of wands,Jahwaiian,"Aroused, Creative, Sweet, Tropical, Earthy, sativa","Jahwaiian by Pua Mana 1st Hawaiian Pakalōlō Seed Bank is a tropical mashup of two legendary strains. By combining Lamb’s Bread genetics sourced directly from Nine Mile, St. Anne’s, Jamaica, and the “Sweet Lady of Waiāhole” (AKA Hawai’i ‘78), Pua Mana crafted an uplifting strain that harnesses the tropical vibes and aromas distinct to the Hawaiian and Caribbean coastlines. Jahwaiian’s effects are stimulating, delivering plenty of energy to the body. Also anticipate a manageable headiness that encourages self-reflection. This strain may help curb depression and fatigue while encouraging physical activity."
eight of wands,Blue-Magic,"Relaxed, Focused, Citrus, Lemon, Tropical, sativa","Blue Magic is an upbeat sativa-dominant strain bred from the famous Blue Dream. Its high-energy effects are prefaced by creamy, fruity flavors reminiscent of its Blueberry ancestry. Sativa enthusiasts will appreciate the balance of potency and clarity delivered by Blue Magic, whose euphoria offers functionality and focus despite an impressive THC profile. While its initial punch is quick to hit, Blue Magic’s effects taper down gently and ease you into long-lasting relaxation that extends from the physical exterior to the deep recesses of your mind."
eight of wands,The-Blood,"Uplifted, Aroused, Earthy, Pungent, Tropical, sativa","The Blood is a Hawaiian landrace phenotype that appears so rarely that it has gained a mythological status among growers. The Blood was given its name for the red veins found in its stems and leaves, and the deep red sap that flows from them. The Pua Mana 1st Hawaiian Pakalōlō Seed Bank’s Kona Gold “Blood” phenotype and other “Blood” phenotypes are believed to be a sign from Ke Akua (God), blessing the grower and signaling an abundant harvest."
eight of wands,Pineapple-Punch,"Creative, Aroused, Tropical, Pineapple, Sweet, sativa","Pineapple Punch by Flying Dutchmen is a 70/30 sativa-dominant strain that unites Skunk #1 genetics with those of the Hawaiian indica Real McCoy. As suggested by the name, Pineapple Punch delivers a medley of pineapple, tropical citrus, and sweet floral flavors, while the uplifting, lighthearted effects provide a vacation from stress and bad moods. This sativa’s mellow and functional effects make it a great choice for getting out to social gatherings or appreciating nature."
nine of wands,Chicle,"Aroused, Euphoric, Ammonia, Diesel, Mint, hybrid","Chicle (aka Bubbledawg) by T.H. Seeds is an award-winning flower with plentiful resin production. This commonsense cross of Bubble Gum and Chemdawg yields beautiful green buds knotted in copper hairs and covered in glittering resin. This flower’s large resin glands and vigorous growth make it ideal for producing hash or cannabis concentrates. Chicle won 1st place Resin at 2015 Expogrow in Irun, Spain as well as 3rd place Resin at the Spannabis Champions Cup in Barcelona. Chicle’s bouquet is a mixture of sweet Bubblegum and fuel-forward terpenes.      "
nine of wands,Spyder-Mon,"Uplifted, Creative, Citrus, Earthy, Sweet, hybrid","Spyder Mon is an uplifting CBD strain with a good lineage, getting its manageable euphoria and anti-inflammatory effects from Midnight Farm’s Super Skunk and Florin Wellness Center’s Charlotte’s Web. This combo delivers a 2.5:1 CBD/THC ratio that soothes the body while improving the mood. Its effects are mostly clear-headed that lend themselves to all day use. The aroma is fresh, exhibiting notes of citrus and pine. Utilize Spyder Mon to help reduce inflammation, nausea, headaches, and minor physical aches and pains."
nine of wands,Hawaiian-Trinity,"Talkative, Uplifted, Sweet, Tropical, Flowery, hybrid","Hawaiian Trinity by Pua Mana 1st Hawaiian Pakalolo Seed Bank is a sativa-dominant hybrid created by crossing the legendary Kona Gold and Trinity. It has a unique terpene profile that smells like burnt rubber tires, tropically flavored taffy, and a hint of unnamable funkiness. This odd aroma gives way to tropical and earthy flavors that linger on the tongue well after exhale. Hawaiian Trinity sprouts large frosty colas and tends to offer consumers an intense physical rush that mellows out into a deeply sedating body high.  "
nine of wands,Loyality,"Tingly, Relaxed, Pungent, Citrus, Earthy, hybrid","Loyalty is an indica-dominant hybrid bred by TSL Farms in Los Angeles. This Animal Pie and OG Kush cross shows off its uniquely colored buds with purple hues throughout. Consumers look to this strain to get creative, and it may also provide relief from migraines, pain, and stress."
nine of wands,Mangolicious,"Uplifted, Focused, Sweet, Tropical, Pineapple, indica","Mangolicious is an indica-dominant cross of Big Bud and White Widow. This cut expresses a tropical aroma and robust bud structure. It has a relatively speedy flowering time and a generous yield thanks to its Big Bud genetics. Mangolicious’s full-body effects and pleasant mango smell speak to potentially high levels of myrcene, a terpene known for its weighted “couchlocking” effect."
ten of wands,Snowland,"Relaxed, Sleepy, Earthy, Lemon, Flowery, hybrid","A limited edition release from DNA Genetics, SnowLAnd is a cross of Snowcap and LA Confidential created in an attempt to tame the huge size of Snowcap while still producing large yields of potent, highly-resinous flowers. Most phenotypes are compact indica-like plants with extremely dense buds and flavors ranging from fruit to diesel to sandalwood. Reports indicate that SnowLAnd is very strong with a long lasting, balanced high."
one of cups,Secret-Garden-Og,"Euphoric, Talkative, Flowery, Lavender, Honey, indica","Secret Garden OG is a Colorado Seed Inc. masterpiece. This OG strain is incredibly relaxing and dedicated to Kush fans everywhere. The blend of Lavender parentage against a Ghost OG Moonshine x Rug Burn OG foretells the weight this strain applies to muscles throughout the body. With a unique aroma that leans toward the therapeutic, Secret Garden OG offers a cozy sense of well-being that extends to mood elevation and pain relief.    "
one of cups,Grandpas-Breath,"Relaxed, Euphoric, Earthy, Flowery, Lavender, indica","Grandpa’s Breath is a semi-sedative indica-dominant strain that provides functional relaxation. This special cut combining parent strains OG Kush and Granddaddy Purple was bred by Dungeons Vault Genetics, and it emits pungent, earthy terpenes with a little fruitiness intermixed. Grandpa’s Breath has an above average yield, but also tends to take a touch longer to flower. Utilize Grandpa’s Breath in the evening to maximize the deep relaxation central to its effects.    "
one of cups,Green-Love-Potion,"Creative, Hungry, Spicy/Herbal, Lavender, Sweet, indica","Green Love Potion is an 80/20 indica-dominant strain that is surprisingly functional. This particular cut grows into a bouquet of green and purple leaves that emits an odor denoting its Lavender parentage. With a relatively clear-headed buzz, this strain works well for indica lovers seeking euphoria and a comforting relaxation in the body without being sedative. Patients prefer Green Love Potion for enhancing the mood and remedying mild physical pain. "
one of cups,Lavender,"Relaxed, Happy, Lavender, Flowery, Sweet, indica","Built from strains around the world, Lavender by Soma Seeds has its origins from Super Skunk, Big Skunk Korean and Afghani Hawaiian. This strain, sometimes referred to as Lavender Kush, has dense buds that give off a floral and spicy aroma. It has a dark purple coloration at the ends of its leaves."
one of cups,Deadwood,"Happy, Talkative, Berry, Lavender, Earthy, indica","Deadwood is potent indica cross between Bubba Kush and Sweet Pink Grapefruit. These robust indica strains come together to create good medicine for those suffering from insomnia, anxiety, and chronic pain. The aroma is sweet and skunky with spicy notes on the finish. Use Deadwood in the evening, as its effects will ground all future plans. Expect heavy sedation, weight on the eyelids and muscles, and a stone-solid buzz.   "
two of cups,Royal-Dwarf,"Happy, Relaxed, Skunk, Honey, Lemon, hybrid","Royal Dwarf is a full-body hybrid bred by Royal Queen Seeds in Spain through crossing Skunk with a cannabis ruderalis variety. The result is a stout plant that autoflowers in a short 6 to 7 weeks with dark, crystal-sugared buds. Its effects quickly branch throughout the body, inducing head-to-toe relaxation that’s more physical than cerebral."
three of cups,Kandahar,"Relaxed, Sleepy, Apricot, Earthy, Spicy/Herbal, indica","Kandahar, named after the homeland of its ancestor, is a 90% indica strain bred by the Ministry of Cannabis. Its Afghani parent, grown near the city of Kandahar, was crossed with an unknown Afghan Skunk hybrid to help lighten some of the indica intensity. The result is a powerful but functional strain that goes best with relaxing activities at home. Its aroma is a complex blend of earthy wood with nutty undertones that are only fully realized in Kandahar’s taste. Kandahar exhibits the typical indica stature: short, bushy plants with thick layers of crystal trichomes. Indoor gardens finish flowering between 8 and 9 weeks, while outdoor harvest falls at the beginning of October."
four of cups,Caramel-Kona-Coffee-Kush,"Relaxed, Uplifted, Coffee, Vanilla, Woody, indica","Caramel Kona Coffee Kush is a flavorful, alliterative cross by Pua Mana 1st Hawaiian Pakalōlō Seed Bank. This sweet wahine is luscious on the palate and heavy on the body, draping the limbs in cushy, weighted relaxation. CKC Kush’s Caramel Kush mother gives this strain its predominant flavor and physical effects, but the strain’s Kona Gold father shines through in latent spicy undertones and heady mental buzz. Noted as one of the most delicious strains in the Pua Mana archives, Caramel Kona Coffee Kush is a perfect strain to shrug off stress and treat yourself at the end of the day.  "
four of cups,Vanilla-Kush,"Relaxed, Happy, Vanilla, Sweet, Flowery, indica","This indica strain comes from Barney’s Farm in Amsterdam and clinched 2nd place overall at the 2009 High Times Cannabis Cup for the coffee shop and seed company. Bred from Afghan and Kashmir strains, this Kush beauty is a gift to the senses with her notes of vanilla, lavender, and a hint of citrus. Plants flower in 8 weeks and produce large, soft flowers that are light green with hints of orange. This strain has a high THC content often measuring over 20%, making it a potent choice that might be strong for new users."
six of cups,Crazy-Miss-Hyde,"Uplifted, Happy, Sweet, Vanilla, Butter, hybrid","Crazy Miss Hyde is a surprisingly balanced hybrid given her name. She is a lively combination of the uplifting, sativa-dominant Belladona and the powerhouse indica Northern Lights. The buds deliver a potent mixture of earthy flavors like menthol and chocolate with a sweet vanilla influence. The effects tend to be focused in the head, with thought provoking stimulation and creativity that can border on anxiety when over-consumed. With the right dosing the indica influence levels out the effects of Crazy Miss Hyde and induces a relaxing sense of euphoria."
six of cups,Grandmas-Batch,"Euphoric, Happy, Butter, Lemon, Flowery, hybrid","Grandma’s Batch by Purple Caper Seeds is a cross between Candyland and Girl Scout Cookies. This savory strain emits a sweet gas aroma while tasting sweet and doughy on the palate. The breeder has described the strain as “warm and fuzzy,” offering pleasant and relaxing physical effects suited to a day indoors. "
six of cups,Eugene-Cream,"Relaxed, Sleepy, Sweet, Earthy, Butter, hybrid","Eugene Cream is an indica-dominant strain grown by Drift Away Farm. Named for its light color and smooth smoke, Eugene Cream inherits its characteristics from a Hash Plant/Big Bud hybrid and a female plant called Queen. Several years of selective breeding gave rise to the stable phenotype that now circulates the Oregon market."
six of cups,Cashus-Clay,"Uplifted, Euphoric, Earthy, Pungent, Butter, hybrid","Cashus Clay, also called Cash Kush, is a clone-only strain from THClones. This flavorful cross is a triumvirate of potent genetics, including True OG, Bubble Gum, and Master Kush. This trio combines rich berry terpenes and pleasurable body effects against a powerful mind expanding euphoria. Even with this strain’s deep indica lineage, the breeder swears by its focused, motivating qualities thus classifying it as a hybrid. Utilize Cashus Clay throughout the day, but mind your dosage. This potent strain can be potentially sedative for the inexperienced consumer.  "
six of cups,Belladonna,"Happy, Sleepy, Peach, Earthy, Butter, hybrid",Belladonna is a mostly sativa strain that also carries good indica characteristics making for a very nice hybrid.  A faster flowering time than typical sativa strains makes Belladonna a favorite among growers.  With a fruity smell and a trippy high Paradise Seeds has bred a winner.
seven of cups,Island-Haze,"Creative, Uplifted, Sweet, Berry, Blueberry, sativa","Island Haze is an uplifting sativa with euphoria and creativity on tap. This strain is a cross of Cannalope Haze and Blue Jam (Atomic Haze x Blueberry), giving this strain a double dose of fruity terpenes and Haze genetics. Known for its happy mental state and whimsical creativity, this strain’s effects can assist with depression and fatigue. The bright fruit-forward aroma also makes this strain a crowd pleaser and welcome addition to sunny days outdoors."
seven of cups,Hashplant-Haze,"Happy, Uplifted, Blueberry, Sweet, Orange, sativa","The uplifting high of the Hashplant Haze is enjoyable throughout the day due to it's being a sativa dominant strain. The taste is that of fruity, hashy, haziness that comes from DNA Genetics by crossing California Hash Plant and Cannalope Haze.  "
seven of cups,Santa-Sativa,"Sleepy, Happy, Blueberry, Berry, Flowery, sativa","Santa Sativa by Dinafem Seeds is 70/30 sativa-dominant strain with a complex aroma. Reeking of lemons, cedar, pine, and incense, Santa Sativa delivers an elevated terpene profile consumers will fawn over. These unique terpenes are created from the combination of Haze #1 and a Skunk/Northern Lights cross, blending an uplifting buzz with mellow euphoria that lingers between the ears. Santa Sativa grows long, dense jade green buds that finish flowering in about 10 weeks."
seven of cups,Legendary-Lemon,"Aroused, Euphoric, Apricot, Chemical, Blueberry, sativa","Legendary Lemon is a sativa-dominant strain that blends two Mexican speed demons, Zacatecas and Oaxaca, with two zesty zingers, Lemon Skunk and Lemon Kush. This tangy bud hits hard with a strong cerebral buzz and offers whimsical euphoria that makes consumers feel light on their feet. Enjoy this strain to defeat depression or to frontload strong mood enhancing effects. The flavor has been described as “rich lemon custard.' "
eight of cups,Ultra-Banana,"Sleepy, Tingly, Ammonia, Lemon, Pineapple, indica","Ultra Banana is a delicious, sleep-inducing cross of MK Ultra and Banana Kush. MK Ultra possesses strong indica-dominant genetics, including OG Kush and G13, which are amplified by the sweet and floral elements of Banana Kush. This sedating combination lays into the body, weighing the consumer down with potent relaxation ideal for late evenings. Enjoy Ultra Banana to help relieve restlessness, anxiety, and general pain while stimulating introspective thought.    "
nine of cups,Thunderbird-Rose,"Euphoric, Uplifted, Rose, Sweet, Earthy, sativa","Thunderbird Rose is a sativa strain bred by Kotton for Rebel Spirit Cannabis of Eugene, Oregon. This strain produces large lime green buds that express engorged trichome-covered calyxes and crimson pistils. Thunderbird Rose is a generous producer that has a healthy resistance to mold and pests. The aroma is floral with notes of deep green forest, fuel, and blueberry. Thunderbird Rose is an uplifting and euphoric cross that arouses creativity and enhances mood. "
ten of cups,Sweet-Harlem-Diesel,"Aroused, Talkative, Pear, Diesel, Sweet, hybrid","Sweet Harlem Diesel by Sumo Seeds is a fascinating cross of European and American genetics. This strain was created by first crossing Old Afghani with Honey Rock (Super Widow x Swazi Poison). The Sweet Afghani cut was then crossed with a US cut of the famous Sour Diesel. The resulting union yields a unique hybrid with a citrus-diesel aroma and uplifting mental effects that keep the consumer alert while the subtle body effects settle into the limbs. Sweet Harlem Diesel won 3rd prize for Indoor at the 2017 Balearic Cup. Its breeder recommends utilizing this strain to help relieve stress, depression, and minor physical discomfort.    "
one of swords,Arjans-Ultra-Haze-1,"Euphoric, Focused, Minty, Earthy, Mint, sativa","Arjan’s Ultra Haze #1 is a Dutch sativa bred by Green House Seeds, who combined Neville’s Haze with landrace strains from Cambodia and Laos. With mellow effects that stay cerebrally centered, this strain is perfect for those seeking introspective, meditative moments or a light, active buzz. Four Cannabis Cup placements have won Arjan’s Ultra Haze #1 a sterling reputation, but growers will have to wait with agonizing patience for its buds to finish their 13 weeks of flowering."
one of swords,Alice-In-Wonderland,"Focused, Euphoric, Pine, Mint, Sweet, sativa","Alice in Wonderland is a mostly sativa strain with euphoric cerebral effects. It provides an elevated sensory experience, making it a favorite strain for creative pastimes, outdoor activities, a laid-back weekend, or daytime stress relief. Said to be a descendant of Willy’s Wonder, Alice in Wonderland has many therapeutic qualities, especially for those suffering from anxiety or depression."
one of swords,Dutch-Dragon,"Euphoric, Relaxed, Citrus, Sweet, Mint, sativa",Dutch Dragon is a sativa variety bred by Paradise Seeds.  She loves warmer climates and can grow as high as 9 feet tall outside so make sure you have ample vertical room.
two of swords,Afghan-Haze,"Sleepy, Relaxed, Earthy, Flowery, Tea, hybrid","Afghan Haze is a sativa-dominant hybrid that combines a resinous Afghani indica with a sweet-smelling Haze sativa. Created by former Sensi breeder Nevil Schoenmaker and Shantibaba of Mr. Nice Seeds, Afghan Haze balances energizing cerebral invigoration with soothing full-body effects. Its clear-headed relief allows patients to treat pain, depression, and appetite loss during the day, and heavier doses can help ease the mind and body into peaceful sleep. Afghan Haze may have an excruciatingly long indoor flowering time of 10 weeks, but the large harvests of potent, crystal-covered buds are worth waiting for. "
two of swords,Crimea-Blue,"Happy, Uplifted, Berry, Tea, Blueberry, hybrid",Crimea Blue is a hybrid strain bred by Barney's Farm that is a cross between Blueberry and Crimean hash plant.  This short plant completes flowering in 8 to 9 weeks and produces higher than average yields.   
three of swords,Super-Cheese,"Tingly, Euphoric, Cheese, Blue, Cheese, Earthy, indica","Super Cheese, bred by Positronics, is a throwback to the old school strains that filled the coffee shops of Amsterdam in the late 1980s. Super Cheese was created through inbreeding, crossing Cheese genetics with another select phenotype believed to be Exodus Cheese. The aroma of this indica-dominant hybrid is a mix of skunky musk and a pungent blue cheese funk that has become synonymous with Cheese varieties. The flavor is a strong, smooth blend of bittersweet herbs and cream, like an earthy buttermilk."
three of swords,Bubble-Cheese,"Relaxed, Hungry, Blue, Cheese, Cheese, Pungent, indica","Bubble Cheese, bred by Big Buddha Seeds, is an 85% indica strain that brings in genetics from Cheese, Bubble Gum, and Hubba Bubba Kush. With an earthy, hashy aroma, Bubble Cheese delivers sedating effects that relax the mind and body without heavy mental cloudiness."
three of swords,Josh-D-Og,"Aroused, Tingly, Berry, Blueberry, Blue, Cheese, indica","Josh D OG by Karma Genetics is a handcrafted OG hybrid with a lineage stretching back to Florida, 1991. Josh D and Matt “Bubba” Berger began developing these genetics in Orlando and helped define the OG culture we know today. This strain is a three deep cross of SFV OG x Triangle Kush x Hell’s Angels OG and offers consumers relaxing effects with an amplified Kush flavor. This indica-dominant hybrid is euphoric and happy while still saddling consumers with potent mid-level sedation.   "
four of swords,Spoetnik-1,"Focused, Sleepy, Flowery, Lavender, Rose, indica","Spoetnik #1 by Paradise Seeds (not to be confused with Sputnik) is named for the CCCP satellite sent into space in 1957. While the full genetic cross remains a mystery, this plant exhibits strong Afghani traits, including rich, dark buds that have an earthy aroma intermixed with subtle fruitiness. This plant is tall and resilient, making it ideal for new growers seeking a plant with a larger than average yield.  "
four of swords,Purple-Buddha,"Euphoric, Relaxed, Lavender, Berry, Sweet, indica",Purple Buddha is a cross between The Purps and Blue Buddha.  Combines grape flavors of the Purps with the creamy berry tastes of Blue Buddha.
six of swords,Bedford-Glue,"Happy, Uplifted, Pepper, Pine, Sage, hybrid","Bedford Glue is a Midwest twist on one of the cannabis industry’s rising stars. This strain was created by combining Gorilla Glue #1 with Highwayman, lending a stimulating alertness to Gorilla Glue #1’s robust potency. It has a forest-like aroma with notes of pine, pepper, and herbs. Bedford Glue is generally a heady strain with mild body effects, making it an suitable hybrid for consumers seeking a THC content above 20% without overly debilitating effects.  "
six of swords,Az-Super-Sour-Og,"Uplifted, Happy, Pungent, Sage, Woody, hybrid","VOTS AZ Super Sour OG from Valley of the Sun is a sour and skunky hybrid strain that can test as high as 24% THC. Its sativa-dominant genetics ease consumers into euphoric focus, making it a perfect daytime strain for creative pastimes and social gatherings. The uplifting qualities are recommended for depression and stress, but novice consumers should take caution as its psychoactive effects can become overwhelming in large doses."
six of swords,Atomic-Goat,"Relaxed, Uplifted, Spicy/Herbal, Nutty, Sage, hybrid","Atomic Goat is a Seattle-born staple that came about in 2010 when a Chernobyl male pollinated a Golden Goat clone. This hybrid offspring inherits a sweet herbal aroma likened to that of sage as well as a heavy coat of crystal trichomes that often push Atomic Goat past the 20% THC mark. Although Atomic Goat induces deep relaxation of the mind and body, it allows enough energy to shine through to justify its daytime use."
six of swords,Milf,"Happy, Euphoric, Earthy, Sweet, Sage, hybrid","MILF, also known as MILF Weed, from Mother Chucker’s Seeds takes its name from an acronym for Marijuana I’d Like to Flower. This sativa-heavy hybrid crosses White Widow with a select cut of Trainwreck from Arcata, California (e-32). While there is a known indica-dominant phenotype floating around, the MILF strain tends to be led by a strong heady buzz that elevates your mood."
seven of swords,Congo,"Uplifted, Energetic, Ammonia, Diesel, Sweet, sativa","Congo by Ace Seeds is a sativa-dominant cross of two Congolese strains, Bangi Congo x Congo #3 and Pakistan Chitral Kush. This genetic combination offers consumers a clean, smile-inducing high that is brimming with positive energy. The mixture of stimulating sativa genetics and heady Kush genetics creates a blend of euphoric introspection and vigor. Enjoy Congo throughout the day to improve mood and stave off lethargy and depression.  "
seven of swords,Madcow,"Sleepy, Uplifted, Sweet, Earthy, Ammonia, sativa","Madcow descends from two high-energy sativas, Durban Poison and Purple Cow. With a heavy blanket of crystal resin, this strain is a solid choice for veteran consumers and for making concentrates. This pure-blooded sativa will hit you with weightless cerebral effects and induce fits of laughter. Smooth yet spicy, this flower releases a flavor similar to that of butterscotch."
nine of swords,Double-Mint,"Uplifted, Euphoric, Minty, Mint, Lemon, indica","Double Mint by Natural Genetics Seeds is an indica-dominant cross of signature genetics. By pairing SinMint Cookies with Mint Chocolate Chip, NSG backcrosses Mint Chocolate Chip with its mother plant, reinforcing the sweet, minty terpenes of this strain’s resinous, rock-like buds. Double Mint has a punctual 63-day flowering time and generous resin production, making it a perfect strain for extraction. Its sedative effects and mind-numbing euphoria make it an ideal “end of the day” strain to shrug off stress and be so chill, you’re minty.  "
nine of swords,Super-Chronic,"Happy, Relaxed, Earthy, Pine, Minty, indica","Super Chronic is an indica-dominant cross between a pre-‘98 Chronic and Critical Kush. Super Chronic brings you a smooth, sweet flavor with hints of skunk, lemon, and pine. Cultivated for potency and strong medical benefits, Super Chronic is a sublime strain with high levels of THC and CBD for a calming cerebral high."
nine of swords,Hades-Haze,"Relaxed, Sleepy, Citrus, Minty, Earthy, indica","Hades Haze is a devilish bent on classic Haze genetics. Known for its rarity and indica-dominant nature, Hades Haze drops sedating weight on the consumer while still hazing the mind with a potent euphoria. Usually accompanied by a THC content of 20% or higher, Hades Haze’s powerful euphoria gives way to creativity, laughter, and a lighthearted demeanor ideal for a night of movies and video games. Hades Haze exhibits its true indica nature with continued consumption, weighing on the limbs and eyes while encouraging rest and relaxation. Utilize Hades Haze to combat insomnia, anxiety, and pain.   "
nine of swords,Dorit,"Relaxed, Euphoric, Ammonia, Spicy/Herbal, Minty, indica","Dorit is a 70/30 indica-dominant strain tailored for patients treating pain, inflammation, indigestion, appetite loss, nausea, and sleep disorders. Bred in Israel by Tikun Olam, this strain inherits its name from Dorit Cohen, who helped found the company. "
nine of swords,Kali-China,"Creative, Relaxed, Spicy/Herbal, Minty, Pepper, indica","Kali China, bred by Ace Seeds, is a 75% indica strain that combines an uplifting Kali Mist with the potent China Yunnan. This strain inherits stimulating and engaging effects from its sativa parent along with a short flowering time from the China Yunnan indica. Aromas of sweet mango intermix with earthy notes of hash and spice in an intricate flavor profile. Kali China’s effects command relaxation, but leave the mind nimble enough for conversation and focus. When grown indoors, Kali China finishes flowering after 45 to 55 days while outdoor gardens complete their bloom during the September-October transition. "
ten of swords,Spoetnik-1,"Focused, Sleepy, Flowery, Lavender, Rose, indica","Spoetnik #1 by Paradise Seeds (not to be confused with Sputnik) is named for the CCCP satellite sent into space in 1957. While the full genetic cross remains a mystery, this plant exhibits strong Afghani traits, including rich, dark buds that have an earthy aroma intermixed with subtle fruitiness. This plant is tall and resilient, making it ideal for new growers seeking a plant with a larger than average yield.  "
one of pentacles,Paris-Xxx,"Creative, Aroused, Sweet, Pungent, Nutty, indica","Paris XXX is an extension of the Paris OG family that has placed in multiple Cannabis Cup competitions. This indica variety combines Headband OG, Chemdawg, and OG Kush genetics, creating a crisp, piney, and woody flavor on inhale. The fast-acting effects provide a balance of cerebral stimulation and full-body relaxation. Paris XXX is known to increase your appetite while also sparking creativity. "
one of pentacles,Afghan-Hawaiian,"Tingly, Sleepy, Nutty, Earthy, Chestnut, indica","Afghan Hawaiian is an indica-dominant hybrid of UK Cheese and Lavender bred by Canadian LP OrganiGram, Inc. The sweet mix of earthy, cheese flavors has hints of licorice and caramel undertones and produces a rush of euphoria that levels off into deep relaxation. OrganiGram classifies Afghan Hawaiian with their NDS varieties and recommend it for neurological disorders and spasticity. "
two of pentacles,Silver-Calyx,"Aroused, Energetic, Lemon, Tree, Fruit, Pine, hybrid","Silver Calyx by Calyx Garden is a balanced hybrid created from potent and popular genetics. This strain is a cross of Platinum Calyx (a Platinum GSC mashup) and a rogue seed found in a GG#4 bag. The sticky, trichome laden exterior makes Silver Calyx an apt name for this pungent flower. It has a classic GG#4 aroma full of earth and skunk, but also has a distant, sweet berry undertone. Utilize Silver Calyx to help stave off headaches, minor physical discomfort, and insomnia. "
two of pentacles,Clementines-Terpentine,"Aroused, Uplifted, Sweet, Earthy, Pine, hybrid","Clementine’s Terpentine by Taste Budz is a skunky 24K Gold phenotype that smells like turpentine. Turpentine, for those who don’t know, is a solvent rendered from the resin of tree, usually pine trees. This hybrid strain has dense, bulbous nugs and delicate orange hairs. The buds give off a sour, sweet aroma and can help you get physically active or mentally engaged."
two of pentacles,Moonwalker-Kush,"Relaxed, Euphoric, Earthy, Pine, Minty, hybrid","Moonwalker Kush is a balanced indica-dominant hybrid that is the genetic cross of Triple OG and Tahoe Alien. This odoriferous combination speaks volumes through its scent, which is thick with soured earth and a hint of pepper on the finish. The herbaceous terpene profile aligns nicely with this strain’s intense relaxation and moderate cerebral effects. Try Moonwalker Kush after dark to harness the sedative effects nestled below layers of trichomes and brown pistils.    "
two of pentacles,Banana-Cream-Og,"Relaxed, Creative, Minty, Mint, Pine, hybrid","Banana Cream OG is grown by Vagrant Hill Farms of Forest Grove, Oregon. This strain is a hybrid cross of Blue Dream, Banana OG, and Ocean Beach OG. It emits strong notes of orange and spearmint, and expresses tight lime green buds. Not much more is known about this strain other than its heavy, OG-forward effects that lay into the body and gain weight with continued consumption."
two of pentacles,Pine-Queen-Dream,"Aroused, Uplifted, Earthy, Woody, Pine, hybrid","Pine Queen Dream by Piranha Seeds is a deep cannabis cut combining esoteric genetics with familiar favorites. Created from Pine Queen Haze (a cross of Pursuang Haze and Pine Queen) and Blue Dream, this sativa-dominant hybrid offers consumers a potent cerebral high alongside a rich pine aroma. The flavor is also woodsy and herbal, with notes of spice from the strain’s latent Haze genetics. Its uplifting mental effects can help improve mood and nullify stress while the physical effects remain potent and persistent with continued consumption. This strain was produced for and is grown by Green Acres Pharm.  "
three of pentacles,Alohaberry,"Energetic, Uplifted, Berry, Apple, Chestnut, hybrid","Originating from the tropical islands of Hawaii, Alohaberry releases a pleasant aroma and taste of tropical berries. It is known for its unique sweet taste and because it is an equal hybrid, the effects are both mind and body. Flowering time for this plant is approximately 8-9 weeks."
four of pentacles,Purple-Swish,"Happy, Energetic, Berry, Sweet, Grape, indica","Purple Swish is an intensely fruity indica strain. It’s a cross of Purple Urkle and Rare Dankness #1, and expresses dark buds with deep purple hues. This strain’s deep relaxation is coupled with giggly euphoria that will glue you to the couch with a smile on your face. The grower recommends utilizing Purple Swish for migraines, ADD/ADHD, and stress. Purple Swish also has a snappy 50 to 60 day flowering time.  "
four of pentacles,Sin-City-Kush,"Relaxed, Euphoric, Grape, Pine, Nutty, indica","Sin City Kush is an 80/20 indica-dominant cross of LVPK and Snowdawg bred by Alphakronik Genes Seeds. The buds of Sin City Kush are a mix of deep purple and green hues with a glossy coat of white trichomes and a compelling floral aroma. Don’t expect to accomplish much when trying Sin City Kush -- the indica influence weighs heavy on the body and mind, so this strain is best enjoyed after your daily tasks are complete."
four of pentacles,Fat-Purple,"Aroused, Euphoric, Berry, Grape, Sweet, indica","Fat Purple by Hazeman is an indica-dominant strain with big buds and potent effects. By crossing a Purple Rhino and G13 hybrid with Fat Marty, Hazeman achieved a strain with uplifting euphoria and soothing physical attributes. With a grow time of approximately 8 to 10 weeks, Fat Purple needs slightly more attention than your average grow, but patient growers will be rewarded with a healthy yield of deep purple buds dense with trichomes. Enjoy Fat Purple to mute depression and minor physical pain, and to improve mood. "
four of pentacles,Grape-Drink,"Tingly, Creative, Grape, Sweet, Flowery, indica","Grape Drink is a sweet cross of familiar genetics. Kimbo Kush x Grape God offer their best attributes to this indica, expressing themselves as large spear-shaped colas from Kimbo Kush and the intoxicatingly sweet aroma of Grape God. While Grape Drink’s sweet candy flavor is enough to win over consumers from coast to coast, its luscious body effects and reflective mental state make it a must-have. Enjoy Grape Drink in small doses for a manageable all-day indica, but continue to consume this heady cut and anticipate heavy body effects that lead toward rest and relaxation.       "
four of pentacles,Purple-Monkey-Balls,"Happy, Relaxed, Grape, Earthy, Sweet, indica","The genetic heritage of Purple Monkey Balls is somewhat murky. What we do know is that it is an indica-dominant mix of a Northern Californian purple strain -- some claim Mendo Purps, others Granddaddy Purple -- and an indica from Afghanistan, believed to be Deep Chunk. The bulbous purple buds produces a fruity grape aroma that gives way to sweet flavors of pine and berry. The sedating indica effects produce deep relaxation great for chronic pain, but best saved for the end of the day if you need to remain productive."
five of pentacles,Deep-Chunk,"Happy, Relaxed, Plum, Earthy, Ammonia, indica","This pure indica from Afghanistan was introduced to Northern California by breeder Tom Hill in the late 1970s. Deep Chunk combines a relatively short flowering time with exceptional resin production. It is often found with hints of purple or deep reds in the tight, compact flowers. The aroma of this stout, broad-leafed plant is regularly described with flavors of earth, hash, chocolate, and pine. Classified by many as 'old school,' Deep Chunk is sure to induce feelings of nostalgia that coincide with its ability to relieve ailments such as insomnia, digestive issues, and chronic pain."
six of pentacles,Super-Sweet,"Happy, Relaxed, Sweet, Honey, Berry, hybrid","Super Sweet is an indica-dominant hybrid strain that was bred in Flint, Michigan by Masterpiece Medical Group. This decades old heirloom strain entices the senses with a floral candy-like aroma and a frosty layer of crystal resin that blankets tight, dense buds. With a modest THC content that typically measures around 13-14%, Super Sweet is a good choice for novice consumers or those looking for a less intoxicating buzz. Its mellow euphoria resonates cerebrally while long-lasting relaxation takes over mind and body. "
six of pentacles,Critical-47,"Relaxed, Sleepy, Honey, Skunk, Sweet, hybrid","Critical 47 is hybrid in genetics and by name. A sweet, skunky cross between Critical Mass and AK-47 Critical 47 has a reputation for its pungent aroma and happy, relaxing effects. The rapid finishing time and flavors of mango, peach, and vanilla make Critical 47 a treat for growers and consumers alike. It is a great strain for cloning due to its small internodal distance and thick branches. However, its stong odor encourages the use of carbon filters when grown indoors."
six of pentacles,Grand-Hustle,"Uplifted, Relaxed, Honey, Earthy, Citrus, hybrid","Grand Hustle is a hybrid strain that is designed to help give users a vacation from the hustle and bustle of their lives. A cross of Afgoo and Green Crack, this strain takes after the more sativa nature of the latter and provides uplifting, focused effects. Potent and well-balanced, this hustle is one that’s worth giving a try."
six of pentacles,Diesel-Duff,"Euphoric, Happy, Sweet, Flowery, Honey, hybrid","Diesel Duff is a happy, mellow strain that may just have your thoughts spinning off into new tangents. This strain’s effects tend to be more sativa in nature, taking after its Sour Diesel genetics. It’s a great choice for taming the mind during daytime and getting things done as long as your pursuits are not too labor-intensive."
seven of pentacles,Pineapple-Sage,"Uplifted, Creative, Sage, Sweet, Lemon, sativa","Pineapple Sage by Love Genetics is a backcross of CBD Rich Blessing with a unique expression of recessive genetics. It boasts a strong THC-dominant cannabinoid profile despite being created from relatively balanced 2:1 THC/CBD strains. This unique expression of the CBD Rich Blessing yields a tropical and herbal terpene profile of citrus and sage with effects that are centered and sativa-forward. Pineapple Sage is motivating and optimistic without being overstimulating, making it a helpful companion for active cannabis consumers. "
seven of pentacles,1024,"Uplifted, Happy, Spicy/Herbal, Sage, Woody, sativa","1024 is a sativa-dominant hybrid bred in Spain by Medical Seeds Co. The breeders claim to guard the secret genetics due to security reasons, but regardless of its genetic heritage, 1024 is a THC powerhouse with a sweet and spicy bouquet. Subtle fruit flavors mix with an herbal musk to produce uplifting sativa effects. One specific phenotype is noted for having a pungent odor that fills a room, similar to burning incense."
seven of pentacles,Sage-N-Sour,"Energetic, Happy, Sage, Earthy, Spicy/Herbal, sativa","Sage N Sour by T.H. Seeds is a 75% sativa strain that unites the sharply pungent Sour Diesel with their SAGE hybrid. With an aroma that closely matches the subtle herbal notes of sage, Sage N Sour delivers a perfect balance of euphoria, energy, and happiness to its consumer. Growers will appreciate the generous yields this sativa has to offer following its 60 to 65 day flowering cycle."
eight of pentacles,Chocolate-Rain,"Creative, Happy, Sweet, Vanilla, Coffee, hybrid","Chocolate Rain by Eskobar Seeds is a flavorful mashup of exceptional genetic stock from two exceptional breeders. An indica-dominant hybrid cross of DNA Genetics’ Chocolope and DJ Short’s Cocoa Kush, this twice-deep chocolate pairing emits a bittersweet cocoa aroma with touches of blueberry and floral Kush notes on the finish. The strain’s effects are balanced, offering happy, relaxing mental and physical effects that aren’t overwhelming. Chocolate Rain has a decent yield and an average 9 to 10 week flowering period.   "
eight of pentacles,Sasquatch-Sap,"Creative, Relaxed, Diesel, Coffee, Earthy, hybrid","3C Sasquatch Sap is a unique and heady sativa, dishing out a strong meditative mental state from the onset that slinks down into the body. The aroma and flavor of this flower’s tightly bound colas are distinctive, leading with a heavy dose of diesel and finishing with tartness on the palate. This strain is a hybrid blend of Chem’s Sister and Chocolate Diesel, doling out semi-stimulating qualities that fill the body with warmth while setting the mind free. Enjoy this strain before physical activity for a complementary body high, or after physical activity to reinvigorate the mind and im-bue the body with an airy lightness.  "
eight of pentacles,La-Kookies,"Hungry, Relaxed, Earthy, Coffee, Berry, hybrid","LA Kookies is Los Angeles Kush’s version of the legendary California native, Girl Scout Cookies. This strain takes a potent GSC phenotype and crosses it with OG Kush Breath, a genetic relative of GSC. This tertiary backcross enriches the strain’s Cookie attributes while enhancing its savory terpene profile. The aroma is pungent and doughy with touches of pine, while the flavor is sweet with candied cherries, butter cookies, and earth. This perfect middle-of-the-road hybrid relaxes the body while enhancing mood, making it a natural complement for consumers suffering from chronic pain. "
eight of pentacles,Caramel-Candy-Kush,"Relaxed, Happy, Vanilla, Coffee, Sweet, hybrid","Caramel Candy Kush is an indica-dominant hybrid of Pre-98 Bubba Kush and Ms. Universe bred by Dynasty Seeds. There are two distinct phenotypes, one that is Bubba-dominant and the other that is led by Ms. Universe genetics. Caramel Candy Kush expresses itself with flavors of sugary caramel, fruity notes of cherry and grape, and a creamy coffee finish that offers an immediate rush of heady effects and provide calming relief from chronic pain. The complex terpene profile and excellent resin production make this a great choice for producing hash and other concentrates."
eight of pentacles,Karma-Bitch,"Uplifted, Creative, Earthy, Coffee, Tea, hybrid","Karma Bitch is a 50/50 hybrid cannabis strain bred by Rare Dankness using parent strains Skywalker OG and Nevil’s Wreck. It produces a well-balanced cerebral sensation with lingering notes of chocolate and coffee. Once the pistils turn a fiery orange color around 9-10 weeks, the resinous flowers will be ready for harvest."
nine of pentacles,Blackberry-Cream,"Relaxed, Happy, Berry, Sweet, Vanilla, indica","Blackberry Cream from Exotic Genetix combines the sweet berry terpenes of Blackberry Kush with the smooth creamy notes of Cookies and Cream. This 70% indica hybrid produces THC levels up to 25%, above average yields, and is an excellent choice for hash making."
nine of pentacles,Pink-Sunset,"Relaxed, Euphoric, Sweet, Berry, Vanilla, indica","Pink Sunset is the indica phenotype of the delicious indica-dominant hybrid Sunset Sherbert. This sugary strain has roots in Girl Scout Cookies, but pushes the functional sedation of its OG Kush and Cherry Pie parentage into the realm of full-body relaxation. Use this strain after work to unwind or on the way to bed as a dreamy dessert that combats insomnia, chronic pain, and nausea.   "
nine of pentacles,Caramel-Kona-Coffee-Kush,"Relaxed, Uplifted, Coffee, Vanilla, Woody, indica","Caramel Kona Coffee Kush is a flavorful, alliterative cross by Pua Mana 1st Hawaiian Pakalōlō Seed Bank. This sweet wahine is luscious on the palate and heavy on the body, draping the limbs in cushy, weighted relaxation. CKC Kush’s Caramel Kush mother gives this strain its predominant flavor and physical effects, but the strain’s Kona Gold father shines through in latent spicy undertones and heady mental buzz. Noted as one of the most delicious strains in the Pua Mana archives, Caramel Kona Coffee Kush is a perfect strain to shrug off stress and treat yourself at the end of the day.  "
nine of pentacles,Truffle-Butter,"Aroused, Sleepy, Sweet, Vanilla, Chestnut, indica","Truffle Butter by THClones is a sedating genetic cross with sweet terpenes. Created by crossing Gelato and Chocolate Kush, this strain’s aroma is a mixture of fruit, caramel, and floral notes. Truffle Butter gently sedates the body, turning even seasoned consumers into lethargic couch potatoes. This strain’s relaxing qualities make it ideal for abating stress and insomnia.  "
nine of pentacles,White-Kush,"Relaxed, Sleepy, Nutty, Honey, Vanilla, indica","White Kush is the dreamy daughter of Afghan Kush and White Widow. A powerful indica, this strain will put you to sleep in a hurry. Taking after its kush heritage, White Kush features a strong and incredibly pungent aroma and is the perfect strain for relaxation and stress relief, great for winding down at the end of the day. Typically flowering between 8-10 weeks, this strain is good for both indoor and outdoor cultivation. "
ten of pentacles,Michael-Phelps-Og,"Relaxed, Hungry, Pine, Pear, Earthy, hybrid","When word got out that the Olympic gold medalist enjoyed cannabis, it was only a matter of time before a strain would be named in his honor. Michael Phelps OG is a hybrid strain that no doubt carries OG Kush genetics, but other ancestry remains uncertain. You can smell the OG in this one as earthy, sweet notes of pine and lemon explode on the exhale. Small doses of Michael Phelps OG leave your mind and body agile, but overdo it and you’re more likely to find the effects ironically lazy and inactive."
